CREATE DATABASE IF NOT EXISTS `colegioa_colegioandeschile` DEFAULT CHARACTER SET latin1 COLLATE latin1_swedish_ci;
USE `colegioa_colegioandeschile`;

CREATE TABLE `apoderado` (
  `id` int(11) NOT NULL,
  `primer_nombre` varchar(50) NOT NULL,
  `segundo_nombre` varchar(50) DEFAULT NULL,
  `primer_apellido` varchar(50) NOT NULL,
  `segundo_apellido` varchar(50) DEFAULT NULL,
  `rut` varchar(10) NOT NULL,
  `dv` char(1) NOT NULL,
  `telefono` varchar(15) DEFAULT NULL,
  `correo_electronico` varchar(100) DEFAULT NULL,
  `estado_civil` varchar(20) DEFAULT NULL,
  `nacionalidad` varchar(50) DEFAULT NULL,
  `actividad` varchar(100) DEFAULT NULL,
  `escolaridad` varchar(50) DEFAULT NULL,
  `fecha_nacimiento` datetime DEFAULT NULL
) ENGINE=InnoDB DEFAULT CHARSET=utf8mb4 COLLATE=utf8mb4_general_ci;

INSERT INTO `apoderado` (`id`, `primer_nombre`, `segundo_nombre`, `primer_apellido`, `segundo_apellido`, `rut`, `dv`, `telefono`, `correo_electronico`, `estado_civil`, `nacionalidad`, `actividad`, `escolaridad`, `fecha_nacimiento`) VALUES
(122, 'Usuario', 'Usuario', 'Prueba', 'Prueba', '18679871', '8', '937673730', 'user.prueba@prueba.cl', 'sin datos', 'Chilena', 'sin datos', 'sin datos', '2012-04-25 00:00:00'),
(123, 'Jeniffer', '', 'Arancibia', 'Vega', '17468787', '0', '987380899', 'arancibiajeniffer@gmail.com', 'sin datos', 'Chilena', 'sin datos', 'sin datos', '2012-04-25 00:00:00'),
(124, 'Fabiola', '', 'Reinoso', 'Saavedra', '16852297', '5', '982113124', 'fabiola.reinoso.s@gmail.com', 'sin datos', 'Chilena', 'sin datos', 'sin datos', '2012-04-25 00:00:00'),
(125, 'Claudia', '', 'Reyes', 'Saldivar', '18680121', '0', '978797875', 'creyes941@gmail.com', 'sin datos', 'Chilena', 'sin datos', 'sin datos', '2012-04-25 00:00:00'),
(126, 'Hector', 'Javier', 'Quiroga', 'Reyes', '15018183', '6', '923441625', 'hectorjavierquirogareyes@gmail.com', 'sin datos', 'Chilena', 'sin datos', 'sin datos', '2012-04-25 00:00:00'),
(127, 'Fabiola', '', 'Navarro', 'Fernandez', '15700282', '1', '956271491', 'fabiolanavarro.psp@gmail.com', 'sin datos', 'Chilena', 'sin datos', 'sin datos', '2012-04-25 00:00:00'),
(128, 'Maria', 'Jose', 'Gallardo', 'Ortiz', '17163714', '7', '954173715', 'cotegallardo_7@hotmail.com', 'sin datos', 'Chilena', 'sin datos', 'sin datos', '2012-04-25 00:00:00'),
(129, 'Gema', '', 'Guzman', 'Rodriguez', '13351869', 'k', '981565478', 'gemita24@gmail.com', 'sin datos', 'Chilena', 'sin datos', 'sin datos', '2012-04-25 00:00:00'),
(130, 'Nathalie', '', 'Osses', 'Corvalán', '16305610', '0', '962118031', 'nathy.osses.c@gmail.com', 'sin datos', 'Chilena', 'sin datos', 'sin datos', '2012-04-25 00:00:00'),
(131, 'Carlos', 'Martin', 'Aravena', 'Rodriguez', '17773718', '6', '976427165', 'aravena.rodriguez@hotmail.com', 'sin datos', 'Chilena', 'sin datos', 'sin datos', '2012-04-25 00:00:00'),
(132, 'Erika', '', 'Casanova', 'Ossandon', '17164140', '3', '973784797', 'erika.amanda.casanova@gmail.com', 'sin datos', 'Chilena', 'sin datos', 'sin datos', '2012-04-25 00:00:00'),
(133, 'Catherine', 'Viviana', 'Navarrete', 'Miranda', '13987065', '4', '976638229', 'catherinenavarretemiranda@gmail.com', 'sin datos', 'Chilena', 'sin datos', 'sin datos', '2012-04-25 00:00:00'),
(134, 'Alexandra', 'Stefani', 'Guerra', 'Ibaceta', '18680316', '7', '935479879', 'lucasbernabe721@gmail.com', 'sin datos', 'Chilena', 'sin datos', 'sin datos', '2012-04-25 00:00:00'),
(135, 'Maria', 'Teresa', 'Soto', 'Pezo', '17163774', '0', '966413890', 'mtsotopezo@gmail.com', 'sin datos', 'Chilena', 'sin datos', 'sin datos', '2012-04-25 00:00:00'),
(136, 'Flavio', 'Arnaldo', 'Guerra', 'Gonzalez', '16183634', '6', '986986780', 'flavioggconstruccion@gmail.com', 'sin datos', 'Chilena', 'sin datos', 'sin datos', '2012-04-25 00:00:00'),
(137, 'Pia', '', 'Galdamez', 'Araya', '15742505', '6', '949832156', 'piagaldamez83@gmail.com', 'sin datos', 'Chilena', 'sin datos', 'sin datos', '2012-04-25 00:00:00'),
(139, 'Myriam', 'Margarita', 'Acevedo', 'Onell', '15603093', '7', '969086921', 'myri_venus@hotmail.com', 'sin datos', 'Chilena', 'sin datos', 'sin datos', '2012-04-25 00:00:00'),
(140, 'Carla', 'Andrea', 'Salinas', 'Garces', '15061145', '8', '957690533', 'csgarces@live.cl', 'sin datos', 'Chilena', 'sin datos', 'sin datos', '2012-04-25 00:00:00'),
(141, 'Gabriela', 'Soledad', 'Godoy', 'Peña', '17482043', '0', '981385342', 'babygodoyp@gmail.com', 'sin datos', 'Chilena', 'sin datos', 'sin datos', '2012-04-25 00:00:00'),
(142, 'Alba', 'Alicia', 'Arcaya', 'Villafaña', '17117947', '5', '982701894', 'alba.ar.villaf@gmail.com', 'sin datos', 'Chilena', 'sin datos', 'sin datos', '2012-04-25 00:00:00'),
(143, 'Claudia', '', 'Contreras', 'Pulgar', '16306096', '5', '977974802', 'claudia.c.p.1986@gmail.com', 'sin datos', 'Chilena', 'sin datos', 'sin datos', '2012-04-25 00:00:00'),
(144, 'Francisca', '', 'Fredes', 'Castro', '12051001', '0', '962728058', 'fvfredes@hotmail.com', 'sin datos', 'Chilena', 'sin datos', 'sin datos', '2012-04-25 00:00:00'),
(145, 'Andrea', '', 'Nuñez', 'Tapia', '18112990', '5', '956386278', 'nandreapaz@gmail.com', 'sin datos', 'Chilena', 'sin datos', 'sin datos', '2012-04-25 00:00:00'),
(146, 'Ambar', 'Denisse', 'Vicencio', 'Bustamante', '13827782', '8', '986027264', 'ambarvb@hotmail.com', 'sin datos', 'Chilena', 'sin datos', 'sin datos', '2012-04-25 00:00:00'),
(147, 'Fernanda', 'Marion', 'Ugaldes', 'ValdeBenito', '17164380', '5', '982100239', 'fernandaugaldes@gmail.com', 'sin datos', 'Chilena', 'sin datos', 'sin datos', '2012-04-25 00:00:00'),
(148, 'Estephania', 'Shantal', 'Torres', 'Cos', '18493671', '2', '956889947', 'stephania.torres.cos@gmail.com', 'sin datos', 'Chilena', 'sin datos', 'sin datos', '2012-04-25 00:00:00'),
(149, 'Tania', '', 'Palacios', 'Barra', '17242406', '6', '952074658', 'tbpb1989@gmail.com', 'sin datos', 'Chilena', 'sin datos', 'sin datos', '2012-04-25 00:00:00'),
(150, 'Carlos', 'Guillermo', 'Carroza', 'Carroza', '13781933', '0', '992145850', 'carloscarroza@gmail.com', 'sin datos', 'Chilena', 'sin datos', 'sin datos', '2012-04-25 00:00:00'),
(151, 'Karla', '', 'Espinoza', 'Vergara', '16889066', '4', '984279170', 'karlaespinozav30@gmail.com', 'sin datos', 'Chilena', 'sin datos', 'sin datos', '2012-04-25 00:00:00'),
(152, 'Elizabeth', 'Katherine', 'Moyano', 'Pereira', '12949954', '0', '996991339', 'elizabeth_moyanop@yahoo.es', 'sin datos', 'Chilena', 'sin datos', 'sin datos', '2012-04-25 00:00:00'),
(153, 'Cindy', '', 'Perez', 'Villarroel', '13982616', '7', '990870111', 'cperezvillarroel@gmail.com', 'sin datos', 'Chilena', 'sin datos', 'sin datos', '2012-04-25 00:00:00'),
(154, 'Constanza', 'Nicole', 'Alamos', '', '18706008', '7', '934108995', 'constanza.nicole.alamos@gmail.com', 'sin datos', 'Chilena', 'sin datos', 'sin datos', '2012-04-25 00:00:00'),
(155, 'Jacqueline', '', 'Godoy', 'Fuentes', '12600395', '1', '982358795', 'jaqui1609@gmail.com', 'sin datos', 'Chilena', 'sin datos', 'sin datos', '2012-04-25 00:00:00'),
(156, 'Daniela', 'Teresa', 'Fernandez', 'Pizarro', '17468482', '0', '954115648', 'danielafernandezpizarro@gmail.com', 'sin datos', 'Chilena', 'sin datos', 'sin datos', '2012-04-25 00:00:00'),
(157, 'Marcela', 'Valeska', 'Olivares', 'Berrios', '15754762', '3', '995281985', 'marcelavaleska_1984@hotmail.com', 'sin datos', 'Chilena', 'sin datos', 'sin datos', '2012-04-25 00:00:00'),
(158, 'Cesar', 'Enrique', 'Molina', 'Sazo', '15667067', '7', '954194737', 'cenmolina@gmail.com', 'sin datos', 'Chilena', 'sin datos', 'sin datos', '2012-04-25 00:00:00'),
(159, 'Miriam', 'Margarita', 'Valdivia', 'Jimenez', '16928798', '8', '972668721', 'miriam901677@gmail.com', 'sin datos', 'Chilena', 'sin datos', 'sin datos', '2012-04-25 00:00:00'),
(160, 'Maria', 'Jose', 'Pinto', 'Pindave', '16015974', 'k', '982212566', 'pinto.majose@gmail.com', 'sin datos', 'Chilena', 'sin datos', 'sin datos', '2012-04-25 00:00:00'),
(161, 'Isabella', 'Inés', 'Gacitúa', 'Ibaceta', '19267681', '9', '940988753', 'isabella.gacitua@hotmail.com', 'sin datos', 'Chilena', 'sin datos', 'sin datos', '2012-04-25 00:00:00'),
(162, 'Maria', 'Teresa', 'Salinas', 'Salinas', '16026647', '3', '975776763', 'tetesalinas@gmail.com', 'sin datos', 'Chilena', 'sin datos', 'sin datos', '2012-04-25 00:00:00'),
(163, 'Evelyn', 'Constanza', 'Sanchez', 'Rios', '15060545', '8', '987469689', 'esanchez.ds@gmail.com', 'sin datos', 'Chilena', 'sin datos', 'sin datos', '2012-04-25 00:00:00'),
(164, 'Elizabeth', 'Silvana', 'Perez', 'Olivarez', '17163848', '8', '973179246', 'eperezolivarez822@gmail.com', 'sin datos', 'Chilena', 'sin datos', 'sin datos', '2012-04-25 00:00:00'),
(165, 'Pamela', '', 'Farandato', 'Flores', '16439400', 'k', '981928073', 'p.farandato@gmail.com', 'sin datos', 'Chilena', 'sin datos', 'sin datos', '2012-04-25 00:00:00'),
(166, 'Isaias', '', 'Velasquez', 'Contreras', '15390580', '0', '963468147', 'isaiasevc@gmail.com', 'sin datos', 'Chilena', 'sin datos', 'sin datos', '2012-04-25 00:00:00'),
(167, 'Victoria', '', 'Domingo', 'Ibaceta', '17514237', '1', '997121048', 'victoria.adi@gmail.com', 'sin datos', 'Chilena', 'sin datos', 'sin datos', '2012-04-25 00:00:00'),
(168, 'Maria', 'Graciela', 'Humeres', 'Garay', '15742606', '0', '974941873', 'mariahumeres@gmail.com', 'sin datos', 'Chilena', 'sin datos', 'sin datos', '2012-04-25 00:00:00'),
(169, 'Patricia', '', 'Palma', 'Miranda', '13208549', '8', '989206903', 'ppalma.m0506@gmail.com', 'sin datos', 'Chilena', 'sin datos', 'sin datos', '2012-04-25 00:00:00'),
(170, 'Nelson', 'Alberto', 'Corredor', 'Rodriguez', '24884941', 'k', '952269803', 'nacro3@gmail.com', 'sin datos', 'Chilena', 'sin datos', 'sin datos', '2012-04-25 00:00:00'),
(171, 'Jessica', 'Del Carmen', 'Muñoz', 'Vargas', '13331095', '9', '973678296', 'jessicamv2502@gmail.com', 'sin datos', 'Chilena', 'sin datos', 'sin datos', '2012-04-25 00:00:00'),
(172, 'Ana', 'Emilia', 'Toledo', 'Guerra', '13982597', '7', '956650136', 'anitatoledox@gmail.com', 'sin datos', 'Chilena', 'sin datos', 'sin datos', '2012-04-25 00:00:00'),
(173, 'Karen', '', 'Villarroel', 'Castro', '16027784', 'k', '963481390', 'kvilla.castro@gmail.com', 'sin datos', 'Chilena', 'sin datos', 'sin datos', '2012-04-25 00:00:00'),
(174, 'Jennifer', 'Javiera', 'Gutierrez', 'Vilchez', '18971071', '3', '956362774', 'jennifergutierrezv@hotmail.com', 'sin datos', 'Chilena', 'sin datos', 'sin datos', '2012-04-25 00:00:00'),
(175, 'Francisco', 'Javier', 'Olivares', 'Tello', '12395260', 'k', '981368818', 'francisco_olivares@hotmail.com', 'sin datos', 'Chilena', 'sin datos', 'sin datos', '2012-04-25 00:00:00'),
(176, 'Cindy', 'Deissy', 'Cura', 'Tapia', '16852296', '7', '964268671', 'eduandres777@hotmail.com', 'sin datos', 'Chilena', 'sin datos', 'sin datos', '2012-04-25 00:00:00'),
(177, 'Maria', 'Soledad', 'Herrera', 'Pereira', '15061607', '7', '993138434', 'psicologasoledad.herrera82@gmail.com', 'sin datos', 'Chilena', 'sin datos', 'sin datos', '2012-04-25 00:00:00'),
(178, 'Sergio', 'Enrique', 'Quiroga', 'Carvajal', '13982603', '5', '978632035', 'sergioquirogac@gmail.com', 'sin datos', 'Chilena', 'sin datos', 'sin datos', '2012-04-25 00:00:00'),
(179, 'Jose', 'Javier', 'Rojas', 'Garcia', '23133871', '3', '979274239', 'drjavierojas@gmail.com', 'sin datos', 'Chilena', 'sin datos', 'sin datos', '2012-04-25 00:00:00'),
(180, 'Sandra', 'Pamela', 'Nuñez', 'Calderon', '15061784', '7', '990794090', 'pameges@gmail.com', 'sin datos', 'Chilena', 'sin datos', 'sin datos', '2012-04-25 00:00:00'),
(181, 'Mauricio', '', 'Sandoval', 'Reyes', '12304894', '6', '998210112', 'msandovalreyes@gmail.com', 'sin datos', 'Chilena', 'sin datos', 'sin datos', '2012-04-25 00:00:00'),
(182, 'Karol', 'Paulina', 'Sanchez', 'Diaz', '16201524', '9', '979734323', 'burbujitaz86@gmail.com', 'sin datos', 'Chilena', 'sin datos', 'sin datos', '2012-04-25 00:00:00'),
(183, 'Magdalena', '', 'Correa', 'Alvarez', '12182919', '3', '991026069', 'liss_aranzaez@hotmail.com', 'sin datos', 'Chilena', 'sin datos', 'sin datos', '2012-04-25 00:00:00'),
(184, 'Pilar', '', 'Salinas', 'Parra', '17818624', '8', '954034776', 'pilarsalinas1@hotmail.com', 'sin datos', 'Chilena', 'sin datos', 'sin datos', '2012-04-25 00:00:00'),
(185, 'Rosario', '', 'Montero', 'Silva', '16713041', '0', '990027720', 'monterosilvaros@hotmail.com', 'sin datos', 'Chilena', 'sin datos', 'sin datos', '2012-04-25 00:00:00'),
(186, 'Daniela', 'Paz', 'Cesped', 'Gacitua', '16852598', '2', '971344777', 'danielacesped1988@gmail.com', 'sin datos', 'Chilena', 'sin datos', 'sin datos', '2012-04-25 00:00:00'),
(187, 'Rodrigo', 'Alejandro', 'Acevedo', 'Fernandez', '17164471', '2', '944040240', 'rod_acev@hotmail.com', 'sin datos', 'Chilena', 'sin datos', 'sin datos', '2012-04-25 00:00:00'),
(188, 'Maria', '', 'Espinola', 'Leon', '15554636', '0', '99320497', 'sincorreo@sincorreo.cl', 'sin datos', 'Chilena', 'sin datos', 'sin datos', '2012-04-25 00:00:00'),
(189, 'Liliana', '', 'Silva', 'Vivanco', '13981547', '5', '982875947', 'liliana.silva.v@gmail.com', 'sin datos', 'Chilena', 'sin datos', 'sin datos', '2012-04-25 00:00:00'),
(190, 'Daniella', 'Alexandra', 'Cortes', 'Lopez', '15760636', '0', '988775820', 'corteslopezdaniella@gmail.com', 'sin datos', 'Chilena', 'sin datos', 'sin datos', '2012-04-25 00:00:00'),
(191, 'Wilson', 'Orlando', 'Cos', 'Lira', '12567730', '4', '993001925', 'wcos@codelco.cl', 'sin datos', 'Chilena', 'sin datos', 'sin datos', '2012-04-25 00:00:00'),
(193, 'Evelyn', 'Alejandra', 'Figueroa', 'Navarro', '10997417', 'k', '990791892', 'evelynfigueroanavarro36@gmail.com', 'sin datos', 'Chilena', 'sin datos', 'sin datos', '2012-04-25 00:00:00'),
(194, 'Claudia', 'Lorena', 'Garay', 'Vargas', '12817700', '0', '967225622', 'claudiagarayv@gmail.com', 'sin datos', 'Chilena', 'sin datos', 'sin datos', '2012-04-25 00:00:00'),
(195, 'Carolina', 'Del Carmen', 'Caiceo', 'Machuca', '17818733', '3', '991067740', 'carolina_caiceo@hotmail.com', 'sin datos', 'Chilena', 'sin datos', 'sin datos', '2012-04-25 00:00:00'),
(196, 'Paulina', '', 'Calderon', 'Muñoz', '17164178', '0', '978808708', 'paulina.alejandra.cm@gmail.com', 'sin datos', 'Chilena', 'sin datos', 'sin datos', '2012-04-25 00:00:00'),
(197, 'Maria', 'Jose', 'Manriquez', 'Vega', '13759425', '0', '990947201', 'pepamv@hotmail.com', 'sin datos', 'Chilena', 'sin datos', 'sin datos', '2012-04-25 00:00:00'),
(198, 'Daniel', '', 'Naveas', 'Espinoza', '13184512', 'k', '977954877', 'd_naveas_e@live.cl', 'sin datos', 'Chilena', 'sin datos', 'sin datos', '2012-04-25 00:00:00'),
(199, 'Carla', '', 'Nuñez', 'Zamora', '12579158', '1', '978794273', 'carlanunezz@gmail.com', 'sin datos', 'Chilena', 'sin datos', 'sin datos', '2012-04-25 00:00:00'),
(200, 'Lorena', 'Fernanda', 'Inostroza', 'Inostroza', '15582345', '3', '989669860', 'lorena.inostroza.inostroza@gmail.com', 'sin datos', 'Chilena', 'sin datos', 'sin datos', '2012-04-25 00:00:00'),
(201, 'Reina', '', 'Pinto', 'Velasquez', '16145252', '1', '956406652', 'alaicepv@gmail.com', 'sin datos', 'Chilena', 'sin datos', 'sin datos', '2012-04-25 00:00:00'),
(202, 'Fabiana', '', 'Olivares', 'Berrueta', '18996435', '8', '978241215', 'fabianaolivaresb@hotmail.com', 'sin datos', 'Chilena', 'sin datos', 'sin datos', '2012-04-25 00:00:00'),
(203, 'Daniela', '', 'Pacheco', 'Guerra', '16333201', '9', '947359362', 'danielazairap@gmail.com', 'sin datos', 'Chilena', 'sin datos', 'sin datos', '2012-04-25 00:00:00'),
(204, 'Jorge', 'Alex', 'Valenzuela', 'Carrasco', '13140789', '0', '999331641', 'jvale050@codelco.cl', 'sin datos', 'Chilena', 'sin datos', 'sin datos', '2012-04-25 00:00:00'),
(205, 'Katterinne', 'Alba', 'Aravena', 'Oliva', '17413757', '9', '995137259', 'k_aravena_o@hotmail.com', 'sin datos', 'Chilena', 'sin datos', 'sin datos', '2012-04-25 00:00:00'),
(206, 'Barbara', 'Andrea', 'Araya', 'Cabrera', '15028759', '6', '979532232', 'bar.aarayac@gmail.com', 'sin datos', 'Chilena', 'sin datos', 'sin datos', '2012-04-25 00:00:00'),
(207, 'Claudia', '', 'Bertran', 'Machicao', '17413757', '9', '995137259', 'k_aravena_o@hotmail.com', 'sin datos', 'Chilena', 'sin datos', 'sin datos', '2012-04-25 00:00:00'),
(208, 'Constanza', 'Francisca', 'Murúa', 'Segura', '18113451', '8', '949510476', 'constanzaf_murua.s@hotmail.com', 'sin datos', 'Chilena', 'sin datos', 'sin datos', '2012-04-25 00:00:00'),
(209, 'Yanira', 'Paz', 'Corvalan', 'Valencia', '18384817', '8', '971228072', 'acorvalan30@hotmail.com', 'sin datos', 'Chilena', 'sin datos', 'sin datos', '2012-04-25 00:00:00'),
(211, 'Oscar', 'Vicente', 'Rodriguez', 'Fernandez', '14165473', 'k', '979593420', 'orodriguezf81@gmail.com', 'sin datos', 'Chilena', 'sin datos', 'sin datos', '2012-04-25 00:00:00'),
(212, 'Camila', 'Nicole', 'Muñoz', 'Sanchez', '18680618', '2', '990714839', 'cami.261506@gmail.com', 'sin datos', 'Chilena', 'sin datos', 'sin datos', '2012-04-25 00:00:00'),
(213, 'Jocelyn', '', 'Astudillo', 'Castañeda', '16111236', '4', '984418334', 'yosiastudillo@hotmail.com', 'sin datos', 'Chilena', 'sin datos', 'sin datos', '2012-04-25 00:00:00'),
(214, 'Karla', 'Jazmina', 'Torres', 'Henriquez', '16306696', '3', '969180847', 'karla_0308@hotmail.com', 'sin datos', 'Chilena', 'sin datos', 'sin datos', '2012-04-25 00:00:00'),
(215, 'Maria', 'Olga', 'Bravo', 'Caceres', '15818487', '7', '966886435', 'mariabravo131@hotmail.com', 'sin datos', 'Chilena', 'sin datos', 'sin datos', '2012-04-25 00:00:00'),
(216, 'Claudio', 'Marcelo', 'Avendaño', 'Carrasco', '13981878', '4', '999934095', 'klausav@hotmail.es', 'sin datos', 'Chilena', 'sin datos', 'sin datos', '2012-04-25 00:00:00'),
(217, 'Claudia', '', 'Navarro', 'Cabrera', '13828600', '2', '952232709', 'claudianavarrocabrera@gmail.com', 'sin datos', 'Chilena', 'sin datos', 'sin datos', '2012-04-25 00:00:00'),
(218, 'Digna', 'Beatriz', 'Pizarro', 'Maldonado', '13539234', '0', '993148888', 'dpizarrom@aduana.cl', 'sin datos', 'Chilena', 'sin datos', 'sin datos', '2012-04-25 00:00:00'),
(219, 'Nazareth', 'Damary', 'Arenas', 'Albornoz', '15510731', '6', '950070967', 'nazaretharenasalbornoz@gmail.com', 'sin datos', 'Chilena', 'sin datos', 'sin datos', '2012-04-25 00:00:00'),
(220, 'Tamara', '', 'Muñoz', 'Espindola', '16334810', '1', '964133211', 'tamunoz@hotmail.com', 'sin datos', 'Chilena', 'sin datos', 'sin datos', '2012-04-25 00:00:00'),
(221, 'Alejandra', 'Andrea', 'Salinas', 'Lobos', '12718608', '1', '971035951', 'ale.salinas.lobos.75@gmail.com', 'sin datos', 'Chilena', 'sin datos', 'sin datos', '2012-04-25 00:00:00'),
(222, 'Ximena', 'Maribel', 'Carvajal', 'Zamora', '13538867', 'k', '977668680', 'xcarvajal@munilosandes.cl', 'sin datos', 'Chilena', 'sin datos', 'sin datos', '2012-04-25 00:00:00'),
(223, 'Karin', '', 'Moyano', 'Silva', '13827084', 'k', '998822586', 'karinmoyano@gmail.com', 'sin datos', 'Chilena', 'sin datos', 'sin datos', '2012-04-25 00:00:00'),
(224, 'Jeannette', '', 'Pendola', '', '13541910', '9', '934059250', 'jpendolaa@gmail.com', 'sin datos', 'Chilena', 'sin datos', 'sin datos', '2012-04-25 00:00:00'),
(225, 'Yesenia', '', 'Navarro', 'Arredondo', '15060749', '3', '974104252', 'yeyelinda25@hotmail.com', 'sin datos', 'Chilena', 'sin datos', 'sin datos', '2012-04-25 00:00:00'),
(226, 'Osvaldo', '', 'Martinez', 'Carvacho', '16851501', '4', '988946426', 'osvaldomartinezcc@gmail.com', 'sin datos', 'Chilena', 'sin datos', 'sin datos', '2012-04-25 00:00:00'),
(227, 'Noelia', '', 'Ponce', 'Fernandez', '15060841', '4', '973973426', 'jose.pandolfa.s@gmail.com', 'sin datos', 'Chilena', 'sin datos', 'sin datos', '2012-04-25 00:00:00'),
(228, 'Claudia', 'Ivonne', 'Lazcano', 'Vicencio', '16550305', '8', '984383179', 'civonnev@hotmail.com', 'sin datos', 'Chilena', 'sin datos', 'sin datos', '2012-04-25 00:00:00'),
(229, 'Ricxi', '', 'Vasquez', 'Montenegro', '17468736', '6', '984269939', 'ricxivm@gmail.com', 'sin datos', 'Chilena', 'sin datos', 'sin datos', '2012-04-25 00:00:00'),
(230, 'Claudio', '', 'Salgado', 'Carvajal', '15092052', '3', '986505348', 'claudiosalgadocarvajal@gmail.com', 'sin datos', 'Chilena', 'sin datos', 'sin datos', '2012-04-25 00:00:00'),
(231, 'Daniela', '', 'Henriquez', 'Tapia', '16852503', '6', '958004125', 'daniela-ht@hotmail.com', 'sin datos', 'Chilena', 'sin datos', 'sin datos', '2012-04-25 00:00:00'),
(232, 'Vivian', 'Solange', 'Candia', 'Herrera', '13281686', '7', '963466869', 'viviansolca1105@gmail.com', 'sin datos', 'Chilena', 'sin datos', 'sin datos', '2012-04-25 00:00:00'),
(233, 'Jocelyn', '', 'Gomez', 'Godoy', '15870303', '3', '965914220', 'jocy234@hotmail.com', 'sin datos', 'Chilena', 'sin datos', 'sin datos', '2012-04-25 00:00:00'),
(234, 'Andres', 'Eduardo', 'Cofre', 'Cofre', '13145240', '3', '975872883', 'andres_cofre_20@hotmail.com', 'sin datos', 'Chilena', 'sin datos', 'sin datos', '2012-04-25 00:00:00'),
(235, 'Ana', 'Maria', 'Manzur', '', '16027286', '4', '976680209', 'anitamariamanzur@gmail.com', 'sin datos', 'Chilena', 'sin datos', 'sin datos', '2012-04-25 00:00:00'),
(236, 'Yasna', '', 'Alarcón', 'Aguayo', '15616770', '3', '981827849', 'yalarcon@munilosandes.cl', 'sin datos', 'Chilena', 'sin datos', 'sin datos', '2012-04-25 00:00:00'),
(237, 'Karem', '', 'Carvajal', 'Villarroel', '13979983', '6', '978086790', 'karemdaniell@gmail.com', 'sin datos', 'Chilena', 'sin datos', 'sin datos', '2012-04-25 00:00:00'),
(238, 'Magali', '', 'Alvarez', 'Saez', '14660856', '6', '957130395', 'magalialvarezsaez@gmail.com', 'sin datos', 'Chilena', 'sin datos', 'sin datos', '2012-04-25 00:00:00'),
(239, 'Magdalena', '', 'Segovia', 'Godoy', '13979127', '4', '972414004', 'mnoemizgodoy@gmail.com', 'sin datos', 'Chilena', 'sin datos', 'sin datos', '2012-04-25 00:00:00'),
(240, 'Manuel', 'Alejandro', 'Torres', 'Castillo', '13431509', '1', '920373536', 'manuel.inf@gmail.com', 'sin datos', 'Chilena', 'sin datos', 'sin datos', '2012-04-25 00:00:00'),
(241, 'Francia', 'Tamara', 'Avila', 'Cortez', '18680238', '1', '992145850', 'panchor34@gmail.com', 'sin datos', 'Chilena', 'sin datos', 'sin datos', '2012-04-25 00:00:00'),
(242, 'Carolina', 'Leyla', 'Amar', 'Lopez', '16333511', '5', '935835352', 'caroamar86@hotmail.com', 'sin datos', 'Chilena', 'sin datos', 'sin datos', '2012-04-25 00:00:00'),
(243, 'Jaime', 'Eduardo', 'Andrade', 'Bugueño', '13982660', '4', '982049842', 'profeandrade@live.com', 'sin datos', 'Chilena', 'sin datos', 'sin datos', '2012-04-25 00:00:00'),
(244, 'Romina', 'Loreto', 'Reyes', 'Ochoa', '16851971', '0', '979409324', 'yazzyrryromina@hotmail.com', 'sin datos', 'Chilena', 'sin datos', 'sin datos', '2012-04-25 00:00:00'),
(245, 'Carolina', 'Alejandra', 'Rivera', 'Chavarria', '15061194', '6', '940181468', 'francyrenatob@gmail.com', 'sin datos', 'Chilena', 'sin datos', 'sin datos', '2012-04-25 00:00:00'),
(246, 'Evelyn', '', 'Astorga', 'Viguera', '13827890', '5', '997727051', 'eveastorga@gmail.com', 'sin datos', 'Chilena', 'sin datos', 'sin datos', '2012-04-25 00:00:00'),
(247, 'Romina', 'Andrea', 'Osorio', 'Galdamez', '16551076', '3', '973285835', 'osorioromina1987@gmail.com', 'sin datos', 'Chilena', 'sin datos', 'sin datos', '2012-04-25 00:00:00'),
(248, 'Paola', '', 'Herrera', 'Villarroel', '10965644', '5', '954933008', 'julieta2012.d@gmail.com', 'sin datos', 'Chilena', 'sin datos', 'sin datos', '2012-04-25 00:00:00'),
(249, 'Fanny', 'Margot', 'Lemus', 'Castillo', '18113868', '8', '933092400', 'lemus.fanny@gmail.com', 'sin datos', 'Chilena', 'sin datos', 'sin datos', '2012-04-25 00:00:00'),
(250, 'Sikene', 'Isabel', 'Maldini', 'Alvarado', '15818319', '6', '988375161', 'silkene@gmail.com', 'sin datos', 'Chilena', 'sin datos', 'sin datos', '2012-04-25 00:00:00'),
(251, 'Karin', '', 'Muñoz', 'Tejo', '17033237', '7', '949682944', 'karinmzt@gmail.com', 'sin datos', 'Chilena', 'sin datos', 'sin datos', '2012-04-25 00:00:00'),
(252, 'Karen', 'Catalina', 'LEcaros', 'Poblete', '17972300', 'k', '963496109', 'karenlecaros@outlook.com', 'sin datos', 'Chilena', 'sin datos', 'sin datos', '2012-04-25 00:00:00'),
(253, 'Oscar', 'Beder', 'Leiva', 'Cardenas', '13225494', 'k', '974906067', 'oleivacar@gmail.com', 'sin datos', 'Chilena', 'sin datos', 'sin datos', '2012-04-25 00:00:00'),
(254, 'Laura', '', 'Gonzalez', 'Vargas', '129501464', '4', '993423951', 'lauragonzalezv27@gmail.com', 'sin datos', 'Chilena', 'sin datos', 'sin datos', '2012-04-25 00:00:00'),
(255, 'Maria', 'Elena', 'Vargas', 'Arias', '17164267', '1', '946973053', 'manevergara129@gmail.com', 'sin datos', 'Chilena', 'sin datos', 'sin datos', '2012-04-25 00:00:00'),
(256, 'Carla', 'Ignacia', 'Orellana', 'Cordero', '16381171', '5', '985327452', 'caorellanacor@gmail.com', 'sin datos', 'Chilena', 'sin datos', 'sin datos', '2012-04-25 00:00:00'),
(257, 'Camila', 'Andrea', 'Rivera', 'Ugarte', '16917531', '4', '952074658', 'carivera_u@hotmail.com', 'sin datos', 'Chilena', 'sin datos', 'sin datos', '2012-04-25 00:00:00'),
(258, 'Romina', 'Vanessa', 'Herrera', 'Sanchez', '13539044', '5', '999544730', 'rherrerasanchez@gmail.com', 'sin datos', 'Chilena', 'sin datos', 'sin datos', '2012-04-25 00:00:00'),
(259, 'Victoria', 'Anais', 'Briones', 'Briones', '19581461', '9', '951934567', 'victoria.abb.edig@gmail.com', 'sin datos', 'Chilena', 'sin datos', 'sin datos', '2012-04-25 00:00:00'),
(260, 'Patricia', 'Ines', 'Torres', 'Caro', '13363118', '6', '944841878', 'biadato10@gmail.com', 'sin datos', 'Chilena', 'sin datos', 'sin datos', '2012-04-25 00:00:00'),
(261, 'Waldo', 'Roberto', 'Bruna', 'Vega', '9468885', 'k', '988422759', 'waldobruna@gmail.com', 'sin datos', 'Chilena', 'sin datos', 'sin datos', '2012-04-25 00:00:00'),
(262, 'Teresita', '', 'Uribe', 'Ayala', '17469653', '5', '981258048', 'teresitauribe2014@gmail.com', 'sin datos', 'Chilena', 'sin datos', 'sin datos', '2012-04-25 00:00:00'),
(263, 'Sara', '', 'Ortiz', 'Villalobos', '16816334', '7', '991752387', 'saraortizvillalobos@gmail.com', 'sin datos', 'Chilena', 'sin datos', 'sin datos', '2012-04-25 00:00:00'),
(264, 'Pedro', 'Esteban', 'Henriquez', 'Torrealba', '16027158', '2', '959415516', 'pedro.e.h6@gmail.com', 'sin datos', 'Chilena', 'sin datos', 'sin datos', '2012-04-25 00:00:00'),
(265, 'Gloria', 'Carolina', 'Huerta', 'Oyanedel', '10672500', '4', '932019244', 'gloriahuertaoyanedel@gmail.com', 'sin datos', 'Chilena', 'sin datos', 'sin datos', '2012-04-25 00:00:00'),
(266, 'Johanna', '', 'Campiño', 'Almeida', '27858176', '4', '944689786', 'jhoanna.campino2006@gmail.com', 'sin datos', 'Chilena', 'sin datos', 'sin datos', '2012-04-25 00:00:00'),
(267, 'Esther', 'Noemi', 'Tapia', 'Carvacho', '15554849', '5', '986920655', 'esther.tapia.auditor@gmail.com', 'sin datos', 'Chilena', 'sin datos', 'sin datos', '2012-04-25 00:00:00'),
(268, 'Marcela', 'Del Carmen', 'Lopez', 'Alfaro', '12718566', '2', '983811048', 'marcel.del.carmen1975@gmail.com', 'sin datos', 'Chilena', 'sin datos', 'sin datos', '2012-04-25 00:00:00'),
(269, 'Yohana', 'Leticia', 'Vergara', 'Salinas', '14304805', '5', '984151330', 'yoversa@gmail.com', 'sin datos', 'Chilena', 'sin datos', 'sin datos', '2012-04-25 00:00:00'),
(270, 'Abigail', 'De Belén', 'Delgado', 'Jara', '18113874', '2', '999672523', 'abigailiuto10@gmail.com', 'sin datos', 'Chilena', 'sin datos', 'sin datos', '2012-04-25 00:00:00'),
(271, 'Leticia', '', 'Contreras', 'Hernandez', '17468879', '6', '934405278', 'leticia.contreras@live.cl', 'sin datos', 'Chilena', 'sin datos', 'sin datos', '2012-04-25 00:00:00'),
(272, 'Lissette', '', 'Aguilar', 'Mayorca', '18130784', '6', '959213694', 'lissettecarola.aguilar@hotmail.com', 'sin datos', 'Chilena', 'sin datos', 'sin datos', '2012-04-25 00:00:00'),
(273, 'Luis', 'Alejandro', 'Sepulveda', 'Bizama', '14034617', '9', '998187798', 'luis.sepulveda1@gmail.com', 'sin datos', 'Chilena', 'sin datos', 'sin datos', '2012-04-25 00:00:00'),
(274, 'Blanca', 'Ester', 'Pizarro', 'Maldonado', '12950432', '3', '983478298', 'blanquita.pizarro@hotmail.com', 'sin datos', 'Chilena', 'sin datos', 'sin datos', '2012-04-25 00:00:00'),
(275, 'Claudia', 'Daniela', 'Toro', 'Escobar', '15818299', '8', '953531428', 'claita2153@hotmail.com', 'sin datos', 'Chilena', 'sin datos', 'sin datos', '2012-04-25 00:00:00'),
(276, 'Pamela', '', 'Salinas', 'Cordova', '12018447', '4', '984223105', 'salinas.c.pamela@gmail.com', 'sin datos', 'Chilena', 'sin datos', 'sin datos', '2012-04-25 00:00:00'),
(277, 'Claudio', '', 'Astargo', 'Toro', '9291698', '7', '993423951', 'astargo.t@icloud.com', 'sin datos', 'Chilena', 'sin datos', 'sin datos', '2012-04-25 00:00:00'),
(278, 'Judith', 'Elizabeth', 'Espindola', 'Carvajal', '10034474', '2', '984577067', 'yudyespincar@hotmail.com', 'sin datos', 'Chilena', 'sin datos', 'sin datos', '2012-04-25 00:00:00'),
(279, 'Magdalena', 'Ines', 'Rivera', 'Bahamondes', '18217988', '4', '966268373', 'magda_rivera.2@hotmail.com', 'sin datos', 'Chilena', 'sin datos', 'sin datos', '2012-04-25 00:00:00'),
(280, 'Johanna', '', 'Donoso', 'Bruna', '15960569', '8', '966450394', 'joha.donoso.b@gmail.com', 'sin datos', 'Chilena', 'sin datos', 'sin datos', '2012-04-25 00:00:00'),
(281, 'Laura', '', 'Pizarro', 'Gajardo', '17950042', '6', '974104252', 'laurapg.pizarro@gmail.com', 'sin datos', 'Chilena', 'sin datos', 'sin datos', '2012-04-25 00:00:00'),
(282, 'Maria', '', 'Castro', 'Astudillo', '11730326', '8', '959514725', 'ale.castroastudillo@gmail.com', 'sin datos', 'Chilena', 'sin datos', 'sin datos', '2012-04-25 00:00:00'),
(283, 'Hernan', 'Enrique', 'Meza', 'Toro', '12632148', '1', '950702668', 'hmezat@gmail.com', 'sin datos', 'Chilena', 'sin datos', 'sin datos', '2012-04-25 00:00:00'),
(284, 'David', '', 'Olivares', 'Herrera', '15060808', '2', '950888993', 'davidolivares.instaladores@gmail.com', 'sin datos', 'Chilena', 'sin datos', 'sin datos', '2012-04-25 00:00:00'),
(285, 'Shirley', '', 'Villalobos', '', '14348405', 'k', '985281601', 'shirleyvillalob@gmail.com', 'sin datos', 'Chilena', 'sin datos', 'sin datos', '2012-04-25 00:00:00'),
(286, 'Daniela', '', 'Jorquera', 'Figueroa', '17163629', '9', '998993371', 'danielajorquerafig@gmail.com', 'sin datos', 'Chilena', 'sin datos', 'sin datos', '2012-04-25 00:00:00'),
(287, 'Violeta', 'Andrea', 'Vera', 'Rifo', '13981971', '3', '974412789', 'vvera81@hotmail.com', 'sin datos', 'Chilena', 'sin datos', 'sin datos', '2012-04-25 00:00:00'),
(288, 'Virginia', 'Elena', 'Martinez', 'Diaz', '15555402', '9', '979588844', 'virginiamd@gmail.com', 'sin datos', 'Chilena', 'sin datos', 'sin datos', '2012-04-25 00:00:00'),
(289, 'Inguebor', 'Antonella', 'Zamora', 'Vergara', '15060001', '4', '984757731', 'azamoravergara@hotmail.com', 'sin datos', 'Chilena', 'sin datos', 'sin datos', '2012-04-25 00:00:00'),
(290, 'Victoria', 'Antonia', 'Domingo', 'Ibaceta', '17514237', '1', '997121048', 'victoria.adi@gmail.com', 'sin datos', 'Chilena', 'sin datos', 'sin datos', '2012-04-25 00:00:00'),
(291, 'Juan', '', 'Videla', 'Villarroel', '7485564', '4', '941095123', 'juavide65@hotmail.com', 'sin datos', 'Chilena', 'sin datos', 'sin datos', '2012-04-25 00:00:00'),
(292, 'Raul', '', 'Aguilar', '', '11731085', 'k', '962376620', 'raul.aguilar8510@gmail.com', 'sin datos', 'Chilena', 'sin datos', 'sin datos', '2012-04-25 00:00:00'),
(293, 'Adriana', 'Del Rosario', 'Bustos', 'Casanova', '11517500', '9', '954229601', 'adritrabsocial@gmail.com', 'sin datos', 'Chilena', 'sin datos', 'sin datos', '2012-04-25 00:00:00'),
(294, 'Cristian', 'Andres', 'Araya', 'Caneo', '15335663', '7', '984302443', 'erikamdonoso@gmail.com', 'sin datos', 'Chilena', 'sin datos', 'sin datos', '2012-04-25 00:00:00'),
(295, 'Marlen', '', 'Estada', 'Nuñez', '14165873', '5', '962359620', 'marioascui@gmail.com', 'sin datos', 'Chilena', 'sin datos', 'sin datos', '2012-04-25 00:00:00'),
(296, 'Ana', 'Pamela', 'Figueroa', 'Salinas', '15554643', '3', '971717980', 'pfigueroa05@gmail.com', 'sin datos', 'Chilena', 'sin datos', 'sin datos', '2012-04-25 00:00:00'),
(297, 'Yohana', 'Andrea', 'Moya', 'Cisterna', '15698050', '1', '972974329', 'ymoyacisterna@gmail.com', 'sin datos', 'Chilena', 'sin datos', 'sin datos', '2012-04-25 00:00:00'),
(298, 'Lorena', 'Del Pilar', 'Aguila', 'Toro', '13485156', '2', '957986594', 'laguila1278@gmail.com', 'sin datos', 'Chilena', 'sin datos', 'sin datos', '2012-04-25 00:00:00'),
(299, 'Maria', 'Paz', 'Navea', 'Reinoso', '17163932', '8', '953449607', 'marianavea.cach@gmail.com', 'sin datos', 'Chilena', 'sin datos', 'sin datos', '2012-04-25 00:00:00'),
(300, 'Katherine', 'Danesi', 'Fernandois', 'Acum', '13021284', '0', '985018123', 'kfernandois90@live.com', 'sin datos', 'Chilena', 'sin datos', 'sin datos', '2012-04-25 00:00:00'),
(301, 'Carlos', 'Patricio', 'Leiva', 'Madariaga', '10655198', '7', '947167186', 'cplmadariaga@gmail.com', 'sin datos', 'Chilena', 'sin datos', 'sin datos', '2012-04-25 00:00:00'),
(302, 'Nancy', '', 'Ramirez', 'Ahumada', '12950292', '4', '977491118', 'silvanitaesperanza@gmail.com', 'sin datos', 'Chilena', 'sin datos', 'sin datos', '2012-04-25 00:00:00'),
(303, 'Miriam', '', 'Valdivia', 'Jimenez', '16928798', '8', '972668721', 'miriam901677@gmail.com', 'sin datos', 'Chilena', 'sin datos', 'sin datos', '2012-04-25 00:00:00'),
(304, 'Miriam', '', 'Valdivia', 'Jimenez', '16928798', '8', '972668721', 'miriam901677@gmail.com', 'sin datos', 'Chilena', 'sin datos', 'sin datos', '2012-04-25 00:00:00'),
(305, 'Paola', '', 'Almendras', 'Castillo', '13802007', 'k', '965583934', 'pola_138@hotmail.com', 'sin datos', 'Chilena', 'sin datos', 'sin datos', '2012-04-25 00:00:00'),
(306, 'Karen', 'Rosa', 'Liberon', 'Montenegro', '13982148', '3', '932019244', 'karen_71081@hotmail.com', 'sin datos', 'Chilena', 'sin datos', 'sin datos', '2012-04-25 00:00:00'),
(307, 'Vivian', 'Marcela', 'Castro', 'Ramos', '10012944', '2', '977117099', 'vcastro@ptla.cl', 'sin datos', 'Chilena', 'sin datos', 'sin datos', '2012-04-25 00:00:00'),
(308, 'Carolina', 'Denise', 'Cesped', 'Gacitúa', '13981497', '5', '962699883', 'carolina.ces.g@hotmail.com', 'sin datos', 'Chilena', 'sin datos', 'sin datos', '2012-04-25 00:00:00'),
(309, 'David', '', 'Valencia', 'Araneda', '13265453', '0', '944572704', 'dvalencia.araneda@gmail.com', 'sin datos', 'Chilena', 'sin datos', 'sin datos', '2012-04-25 00:00:00'),
(310, 'Guillermo', 'Segundo', 'Vasquez', 'Pastran', '10073977', '1', '995090952', 'guillermovasquezpastran@gmail.com', 'sin datos', 'Chilena', 'sin datos', 'sin datos', '2012-04-25 00:00:00'),
(311, 'Marjorie', 'Andrea', 'Bugueño', 'Bugueño', '18113153', '5', '952337001', 'marjoriebugueno@live.cl', 'sin datos', 'Chilena', 'sin datos', 'sin datos', '2012-04-25 00:00:00'),
(314, 'Omar', 'Ignacio', 'Guerra', 'Alfaro', '18679870', '8', '937673730', 'omar.guerra@outlook.cl', 'Soltero', 'Chilena', 'Analista Programador Informatico', 'Universitaria', '1994-01-08 00:00:00'),
(315, 'Karen', 'Andrea', 'Diaz', 'Lopez', '15870352', '1', '944407604', 'karen.d@sienal.cl', 'sin datos', 'Chilena', 'sin datos', 'sin datos', '2012-04-25 00:00:00'),
(317, 'Daniela', '', 'Pueyes', 'Cornejo', '16852457', '9', '959331642', 'isimolp@gmail.com', 'sin datos', 'Chilena', 'sin datos', 'sin datos', '2012-04-25 00:00:00'),
(318, 'Francisca', 'Macarena', 'Aburto', 'Villalobos', '17818728', '7', '992145076', 'franaburto.villalobos@gmail.com', 'sin datos', 'Chilena', 'sin datos', 'sin datos', '2012-04-25 00:00:00'),
(319, 'Alvaro', '', 'Ayala', 'Saravia', '15061860', '6', '956459866', 'franciscacabrerafaundez@gmail.com', 'sin datos', 'Chilena', 'sin datos', 'sin datos', '2012-04-25 00:00:00'),
(320, 'Camila', '', 'Pacheco', 'Osses', '17971912', '6', '972790526', 'c.pachecoosses@gmail.com', 'sin datos', 'Chilena', 'sin datos', 'sin datos', '2012-04-25 00:00:00'),
(321, 'Mauricio', 'Ricardo', 'Gonzales', 'Caballeria', '15555082', '1', '996744000', 'c.pachecoosses@gmail.com', 'sin datos', 'Chilena', 'sin datos', 'sin datos', '2012-04-25 00:00:00'),
(322, 'Lesly', 'Estefany', 'Roldan', 'Navea', '17468435', '9', '942783506', 'leslyroldannavea@gmail.com', 'sin datos', 'Chilena', 'sin datos', 'sin datos', '2012-04-25 00:00:00'),
(323, 'Maryan', 'Carolina', 'Herrera', 'Arancibia', '17163983', '2', '982258532', 'maryanblh12@gmail.com', 'sin datos', 'Chilena', 'sin datos', 'sin datos', '2012-04-25 00:00:00'),
(324, 'Marcela', '', 'Lobos', 'Cataldo', '17469313', '7', '930343810', 'marcela.lobos.c@gmail.com', 'sin datos', 'Chilena', 'sin datos', 'sin datos', '2012-04-25 00:00:00'),
(325, 'Antonella', 'Paz', 'Herrera', 'Manterola', '17163849', '6', '953596741', 'aherr005@gmail.com', 'sin datos', 'Chilena', 'sin datos', 'sin datos', '2012-04-25 00:00:00'),
(326, 'Karen', 'Siamara', 'Cataldo', 'Arancibia', '13362782', '0', '981828530', 'k.cataldo23@gmail.com', 'sin datos', 'Chilena', 'sin datos', 'sin datos', '2012-04-25 00:00:00'),
(327, 'Carolina', 'Valeska', 'Huerta', 'Mena', '16852023', '9', '930854401', 'huerta.carolina22@gmail.com', 'sin datos', 'Chilena', 'sin datos', 'sin datos', '2012-04-25 00:00:00'),
(328, 'Hortnesia', '', 'Otarola', 'Urtubia', '11944689', '9', '997453393', 'hortensiaotarola@gmail.com', 'sin datos', 'Chilena', 'sin datos', 'sin datos', '2012-04-25 00:00:00'),
(329, 'Gina', 'Valeria', 'Mora', 'Zavala', '15555440', '1', '968532059', 'gina.mora.gm@gmail.com', 'sin datos', 'Chilena', 'sin datos', 'sin datos', '2012-04-25 00:00:00'),
(330, 'Veronica', 'Cecilia', 'Saez', 'Guajardo', '18122747', '8', '958141584', 'veronicacsaez@gmail.com', 'sin datos', 'Chilena', 'sin datos', 'sin datos', '2012-04-25 00:00:00'),
(331, 'Maria', '', 'Quezada', 'Fuentes', '13827149', '8', '977083399', 'ocepejop@gmail.com', 'sin datos', 'Chilena', 'sin datos', 'sin datos', '2012-04-25 00:00:00'),
(332, 'Denys', 'Wilson', 'Fernandez', 'Contreras', '12774900', '0', '998177661', 'denysfc@gmail.com', 'sin datos', 'Chilena', 'sin datos', 'sin datos', '2012-04-25 00:00:00'),
(333, 'Claudia', '', 'Saavedra', '', '12817836', '8', '965382825', 'valentina.gallardo.saavedra7a@gmail.com', 'sin datos', 'Chilena', 'sin datos', 'sin datos', '2012-04-25 00:00:00'),
(334, 'Jeannette', 'Paola', 'Toledo', 'Toledo', '12817237', '8', '992909264', 'japo.toledo@gmail.com', 'sin datos', 'Chilena', 'sin datos', 'sin datos', '2012-04-25 00:00:00'),
(335, 'Jesus', '', 'Herrera', 'Ahumada', '14357096', '7', '977457299', 'jesuherrera@gmail.com', 'sin datos', 'Chilena', 'sin datos', 'sin datos', '2012-04-25 00:00:00'),
(336, 'Luz', 'Solange', 'Caiceo', 'Villagra', '12950450', '1', '963472732', 'yallitadecora@gmail.com', 'sin datos', 'Chilena', 'sin datos', 'sin datos', '2012-04-25 00:00:00'),
(337, 'Sindy', 'Isamar', 'Gonzalez', 'Hormazabal', '18112900', 'k', '971891587', 'sindygonzalezhormazabal@gmail.com', 'sin datos', 'Chilena', 'sin datos', 'sin datos', '2012-04-25 00:00:00'),
(338, 'Yesenia', 'Del Carmen', 'Miranda', 'Espindola', '15554795', '2', '976079150', 'yeseniamiranda83@gmail.com', 'sin datos', 'Chilena', 'sin datos', 'sin datos', '2012-04-25 00:00:00'),
(339, 'Daniel', '', 'Villalobos', 'Castillo', '17212794', '0', '973620516', 'villa.kdh.2010@gmail.com', 'sin datos', 'Chilena', 'sin datos', 'sin datos', '2012-04-25 00:00:00');

CREATE TABLE `apoderado_direccion` (
  `apoderado_id` int(11) NOT NULL,
  `direccion_id` int(11) NOT NULL
) ENGINE=InnoDB DEFAULT CHARSET=utf8mb4 COLLATE=utf8mb4_general_ci;

CREATE TABLE `apoderado_estudiante` (
  `apoderado_id` int(11) NOT NULL,
  `estudiante_id` int(11) NOT NULL
) ENGINE=InnoDB DEFAULT CHARSET=utf8mb4 COLLATE=utf8mb4_general_ci;

INSERT INTO `apoderado_estudiante` (`apoderado_id`, `estudiante_id`) VALUES
(122, 166),
(122, 167),
(123, 168),
(124, 169),
(125, 170),
(126, 171),
(127, 172),
(127, 173),
(128, 174),
(128, 175),
(129, 176),
(129, 177),
(130, 178),
(131, 179),
(131, 180),
(132, 181),
(132, 182),
(133, 183),
(133, 184),
(134, 185),
(135, 186),
(136, 187),
(137, 188),
(139, 190),
(140, 191),
(141, 192),
(141, 193),
(142, 194),
(142, 195),
(143, 196),
(143, 197),
(144, 198),
(144, 199),
(145, 200),
(145, 201),
(146, 202),
(146, 203),
(147, 204),
(148, 205),
(149, 206),
(149, 207),
(150, 208),
(151, 209),
(151, 210),
(152, 211),
(152, 212),
(153, 213),
(154, 214),
(155, 215),
(155, 216),
(156, 217),
(157, 218),
(158, 219),
(158, 220),
(159, 221),
(160, 222),
(161, 223),
(162, 224),
(163, 225),
(163, 226),
(164, 227),
(165, 228),
(166, 229),
(167, 230),
(168, 231),
(169, 232),
(169, 233),
(170, 234),
(170, 235),
(171, 236),
(172, 237),
(173, 238),
(174, 239),
(175, 240),
(176, 241),
(176, 242),
(177, 243),
(178, 244),
(179, 245),
(180, 246),
(181, 247),
(182, 248),
(182, 249),
(183, 250),
(184, 251),
(185, 252),
(186, 253),
(186, 254),
(187, 256),
(187, 257),
(188, 258),
(190, 259),
(190, 260),
(191, 261),
(193, 263),
(193, 264),
(194, 265),
(195, 266),
(196, 267),
(197, 268),
(198, 269),
(199, 270),
(199, 271),
(200, 272),
(200, 273),
(201, 274),
(202, 275),
(202, 276),
(203, 277),
(204, 278),
(205, 279),
(206, 280),
(207, 281),
(208, 282),
(209, 283),
(211, 285),
(211, 286),
(212, 287),
(213, 288),
(214, 289),
(215, 290),
(216, 291),
(217, 292),
(218, 293),
(219, 294),
(220, 295),
(221, 296),
(222, 297),
(223, 298),
(224, 299),
(225, 300),
(226, 301),
(227, 302),
(227, 303),
(228, 304),
(229, 305),
(230, 306),
(231, 307),
(232, 308),
(233, 309),
(233, 310),
(234, 311),
(235, 312),
(236, 313),
(237, 314),
(238, 315),
(239, 316),
(240, 317),
(241, 318),
(241, 319),
(242, 320),
(243, 321),
(244, 322),
(245, 323),
(246, 324),
(247, 325),
(248, 326),
(249, 327),
(250, 328),
(250, 329),
(251, 330),
(252, 331),
(253, 332),
(254, 333),
(255, 334),
(256, 335),
(256, 336),
(257, 337),
(258, 338),
(259, 339),
(260, 340),
(261, 341),
(262, 342),
(263, 343),
(264, 344),
(265, 345),
(266, 346),
(267, 347),
(267, 348),
(268, 349),
(269, 350),
(269, 351),
(270, 352),
(271, 353),
(272, 354),
(273, 355),
(274, 356),
(275, 357),
(276, 358),
(277, 359),
(278, 360),
(279, 361),
(280, 362),
(281, 363),
(282, 364),
(283, 365),
(284, 366),
(285, 367),
(286, 368),
(287, 369),
(288, 370),
(289, 371),
(290, 372),
(291, 373),
(292, 374),
(293, 375),
(294, 376),
(295, 377),
(296, 378),
(297, 379),
(298, 380),
(299, 381),
(300, 382),
(301, 383),
(302, 384),
(303, 385),
(304, 386),
(305, 387),
(306, 388),
(307, 389),
(308, 390),
(309, 391),
(309, 392),
(310, 393),
(311, 394),
(311, 395),
(314, 400),
(314, 401),
(315, 402),
(315, 403),
(317, 406),
(317, 407),
(318, 408),
(319, 409),
(320, 410),
(321, 411),
(322, 412),
(323, 413),
(324, 414),
(325, 415),
(326, 416),
(327, 417),
(328, 418),
(329, 419),
(330, 420),
(331, 421),
(332, 422),
(333, 423),
(334, 424),
(335, 425),
(336, 426),
(337, 427),
(338, 428),
(339, 429);

CREATE TABLE `boleta` (
  `id` int(11) NOT NULL,
  `apoderado_id` int(11) NOT NULL,
  `pago_id` int(11) DEFAULT NULL,
  `estado_id` int(11) NOT NULL,
  `detalle` varchar(255) DEFAULT NULL,
  `fecha` date DEFAULT NULL,
  `subtotal` decimal(10,2) NOT NULL,
  `iva` decimal(10,2) NOT NULL,
  `total` decimal(10,2) NOT NULL,
  `descuento` decimal(10,2) DEFAULT NULL,
  `nota` varchar(255) DEFAULT NULL
) ENGINE=InnoDB DEFAULT CHARSET=utf8mb4 COLLATE=utf8mb4_general_ci;

CREATE TABLE `ciudad` (
  `id` int(11) NOT NULL,
  `region_id` int(11) DEFAULT NULL,
  `nombre` varchar(50) NOT NULL
) ENGINE=InnoDB DEFAULT CHARSET=utf8mb4 COLLATE=utf8mb4_general_ci;

INSERT INTO `ciudad` (`id`, `region_id`, `nombre`) VALUES
(1, 1, ''),
(2, 1, ''),
(3, 2, ''),
(4, 2, ''),
(5, 2, ''),
(6, 2, ''),
(7, 3, ''),
(8, 3, ''),
(9, 3, ''),
(10, 3, ''),
(11, 3, ''),
(12, 4, ''),
(13, 4, ''),
(14, 4, ''),
(15, 4, ''),
(16, 4, ''),
(17, 5, ''),
(18, 5, ''),
(19, 5, ''),
(20, 5, ''),
(21, 5, ''),
(22, 5, ''),
(23, 6, ''),
(24, 6, ''),
(25, 6, ''),
(26, 6, ''),
(27, 6, ''),
(28, 6, ''),
(29, 6, ''),
(30, 6, ''),
(31, 6, ''),
(32, 6, ''),
(33, 6, ''),
(34, 6, ''),
(35, 6, ''),
(36, 6, ''),
(37, 6, ''),
(38, 6, ''),
(39, 6, ''),
(40, 6, ''),
(41, 6, ''),
(42, 6, ''),
(43, 6, ''),
(44, 7, ''),
(45, 7, ''),
(46, 7, ''),
(47, 7, ''),
(48, 8, ''),
(49, 8, ''),
(50, 8, ''),
(51, 8, ''),
(52, 8, ''),
(53, 8, ''),
(54, 9, ''),
(55, 9, ''),
(56, 9, ''),
(57, 9, ''),
(58, 9, ''),
(59, 9, ''),
(60, 10, ''),
(61, 10, ''),
(62, 10, ''),
(63, 10, ''),
(64, 10, ''),
(65, 10, ''),
(66, 10, ''),
(67, 11, ''),
(68, 11, ''),
(69, 11, ''),
(70, 11, ''),
(71, 11, ''),
(72, 12, ''),
(73, 12, ''),
(74, 12, ''),
(75, 12, ''),
(76, 13, ''),
(77, 13, ''),
(78, 13, ''),
(79, 13, ''),
(80, 13, ''),
(81, 13, ''),
(82, 14, ''),
(83, 14, ''),
(84, 14, ''),
(85, 14, ''),
(86, 14, ''),
(87, 15, ''),
(88, 15, ''),
(89, 15, ''),
(90, 15, ''),
(91, 15, ''),
(92, 16, ''),
(93, 16, ''),
(94, 16, ''),
(95, 16, ''),
(96, 16, ''),
(97, 16, ''),
(98, 16, ''),
(99, 16, ''),
(100, 16, ''),
(101, 16, ''),
(102, 16, ''),
(103, 16, ''),
(104, 16, ''),
(105, 16, ''),
(106, 16, ''),
(107, 16, ''),
(108, 16, ''),
(109, 16, ''),
(110, 16, ''),
(111, 16, ''),
(112, 16, ''),
(113, 16, ''),
(114, 16, ''),
(115, 16, ''),
(116, 16, ''),
(117, 16, ''),
(118, 16, ''),
(119, 16, ''),
(120, 16, ''),
(121, 16, ''),
(122, 16, ''),
(123, 16, ''),
(124, 16, ''),
(125, 16, ''),
(126, 16, ''),
(127, 16, ''),
(128, 16, ''),
(129, 16, ''),
(130, 16, ''),
(131, 16, ''),
(132, 16, ''),
(133, 1, 'Putre'),
(134, 1, 'Camarones'),
(135, 2, 'Alto Hospicio'),
(136, 2, 'Pozo Almonte'),
(137, 2, 'Huara'),
(138, 2, 'Pica'),
(139, 3, 'Calama'),
(140, 3, 'Tocopilla'),
(141, 3, 'Mejillones'),
(142, 3, 'San Pedro de Atacama'),
(143, 3, 'María Elena'),
(144, 4, 'Vallenar'),
(145, 4, 'Domeyko'),
(146, 4, 'Tierra Amarilla'),
(147, 4, 'Chañaral'),
(148, 4, 'Diego de Almagro'),
(149, 5, 'Ovalle'),
(150, 5, 'Illapel'),
(151, 5, 'Vicuña'),
(152, 5, 'Salamanca'),
(153, 5, 'Andacollo'),
(154, 5, 'Monte Patria'),
(155, 6, 'San Antonio'),
(156, 6, 'Quilpué'),
(157, 6, 'Villa Alemana'),
(158, 6, 'San Felipe'),
(159, 6, 'Quillota'),
(160, 6, 'La Ligua'),
(161, 6, 'Zapallar'),
(162, 6, 'Los Andes'),
(163, 6, 'Cabildo'),
(164, 6, 'Calera'),
(165, 6, 'Cartagena'),
(166, 6, 'El Quisco'),
(167, 6, 'El Tabo'),
(168, 6, 'La Calera'),
(169, 6, 'La Cruz'),
(170, 6, 'Limache'),
(171, 6, 'Olmué'),
(172, 6, 'Petorca'),
(173, 6, 'Puchuncaví'),
(174, 6, 'Rinconada'),
(175, 6, 'Santo Domingo'),
(176, 7, 'San Fernando'),
(177, 7, 'Santa Cruz'),
(178, 7, 'Pichilemu'),
(179, 7, 'Machalí'),
(180, 8, 'Cauquenes'),
(181, 8, 'Curicó'),
(182, 8, 'Linares'),
(183, 8, 'Parral'),
(184, 8, 'Molina'),
(185, 8, 'Constitución'),
(186, 9, 'Bulnes'),
(187, 9, 'San Carlos'),
(188, 9, 'Yungay'),
(189, 9, 'Quirihue'),
(190, 9, 'Coelemu'),
(191, 9, 'El Carmen'),
(192, 10, 'Los Ángeles'),
(193, 10, 'Talcahuano'),
(194, 10, 'Chiguayante'),
(195, 10, 'Coronel'),
(196, 10, 'Lota'),
(197, 10, 'Tomé'),
(198, 10, 'Hualpén'),
(199, 11, 'Angol'),
(200, 11, 'Villarrica'),
(201, 11, 'Pucón'),
(202, 11, 'Lautaro'),
(203, 11, 'Nueva Imperial'),
(204, 12, 'La Unión'),
(205, 12, 'Río Bueno'),
(206, 12, 'Panguipulli'),
(207, 12, 'Paillaco'),
(208, 13, 'Osorno'),
(209, 13, 'Castro'),
(210, 13, 'Ancud'),
(211, 13, 'Frutillar'),
(212, 13, 'Fresia'),
(213, 13, 'Chaitén'),
(214, 14, 'Aysén'),
(215, 14, 'Puerto Aysén'),
(216, 14, 'Chile Chico'),
(217, 14, 'Cochrane'),
(218, 14, 'Coyhaique'),
(219, 15, 'Puerto Natales'),
(220, 15, 'Porvenir'),
(221, 15, 'Cerro Sombrero'),
(222, 15, 'Punta Arenas'),
(223, 15, 'Puerto Williams'),
(224, 16, 'Buin'),
(225, 16, 'Cerro Navia'),
(226, 16, 'Colina'),
(227, 16, 'Conchalí'),
(228, 16, 'Curacaví'),
(229, 16, 'El Bosque'),
(230, 16, 'El Monte'),
(231, 16, 'Estación Central'),
(232, 16, 'Huechuraba'),
(233, 16, 'Independencia'),
(234, 16, 'Isla de Maipo'),
(235, 16, 'La Cisterna'),
(236, 16, 'La Granja'),
(237, 16, 'La Reina'),
(238, 16, 'Lampa'),
(239, 16, 'Lo Barnechea'),
(240, 16, 'Lo Espejo'),
(241, 16, 'Lo Prado'),
(242, 16, 'Macul'),
(243, 16, 'María Pinto'),
(244, 16, 'Melipilla'),
(245, 16, 'Ñuñoa'),
(246, 16, 'Pedro Aguirre Cerda'),
(247, 16, 'Peñalolén'),
(248, 16, 'Pirque'),
(249, 16, 'Providencia'),
(250, 16, 'Pudahuel'),
(251, 16, 'Quilicura'),
(252, 16, 'Quinta Normal'),
(253, 16, 'Recoleta'),
(254, 16, 'Renca'),
(255, 16, 'San Bernardo'),
(256, 16, 'San Joaquín'),
(257, 16, 'San José de Maipo'),
(258, 16, 'San Miguel'),
(259, 16, 'San Pedro'),
(260, 16, 'Santa María'),
(261, 16, 'Santiago'),
(262, 16, 'Talagante'),
(263, 16, 'Tiltil'),
(264, 16, 'Vitacura');

CREATE TABLE `curso` (
  `id` int(11) NOT NULL,
  `nombre` varchar(50) DEFAULT NULL,
  `descripcion` varchar(255) DEFAULT NULL,
  `nivel_grado` varchar(50) DEFAULT NULL,
  `profesor_id` int(11) DEFAULT NULL
) ENGINE=InnoDB DEFAULT CHARSET=utf8mb4 COLLATE=utf8mb4_general_ci;

INSERT INTO `curso` (`id`, `nombre`, `descripcion`, `nivel_grado`, `profesor_id`) VALUES
(1, 'Pre-Kinder', 'Curso de nivelación inicial', 'Pre-Kinder', 8),
(2, 'Kinder', 'Curso de nivelación inicial', 'Kinder', 11),
(3, '1ero Básico', 'Curso de educación básica', '1ero Básico', 14),
(4, '2do Básico', 'Curso de educación básica', '2do Básico', 16),
(5, '3ero Básico A', 'Curso de educación básica', '3ero Básico', 1),
(6, '3ero Básico B', 'Curso de educación básica', '3ero Básico', 7),
(7, '4to Básico A', 'Curso de educación básica', '4to Básico', 13),
(8, '4to Básico B', 'Curso de educación básica', '4to Básico', 3),
(9, '5to Básico', 'Curso de educación básica', '5to Básico', 9),
(10, '6to Básico A', 'Curso de educación básica', '6to Básico', 15),
(11, '6to Básico B', 'Curso de educación básica', '6to Básico', 10),
(12, '7mo Básico A', 'Curso de educación básica', '7mo Básico', 6),
(13, '7mo Básico B', 'Curso de educación básica', '7mo Básico', 4),
(14, '8vo Básico', 'Curso de educación básica', '8vo Básico', 5);

CREATE TABLE `direccion` (
  `id` int(11) NOT NULL,
  `departamento` varchar(50) NOT NULL,
  `codigo_postal` varchar(50) NOT NULL,
  `ciudad_id` int(11) NOT NULL,
  `calle` varchar(50) NOT NULL
) ENGINE=InnoDB DEFAULT CHARSET=utf8mb4 COLLATE=utf8mb4_general_ci;

INSERT INTO `direccion` (`id`, `departamento`, `codigo_postal`, `ciudad_id`, `calle`) VALUES
(1, '5A', '56789', 4, ''),
(2, '3B', '56790', 2, ''),
(3, '', '56791', 55, ''),
(4, '9C', '56792', 33, ''),
(5, '2D', '56793', 28, '');

CREATE TABLE `estado_boleta` (
  `id` int(11) NOT NULL,
  `descripcion` varchar(100) NOT NULL
) ENGINE=InnoDB DEFAULT CHARSET=utf8mb4 COLLATE=utf8mb4_general_ci;

INSERT INTO `estado_boleta` (`id`, `descripcion`) VALUES
(1, 'Pagada'),
(2, 'Pendiente'),
(3, 'Anulada');

CREATE TABLE `estudiante` (
  `id` int(11) NOT NULL,
  `primer_nombre` varchar(50) NOT NULL,
  `segundo_nombre` varchar(50) DEFAULT NULL,
  `primer_apellido` varchar(50) NOT NULL,
  `segundo_apellido` varchar(50) DEFAULT NULL,
  `rut` varchar(10) NOT NULL,
  `dv` char(1) NOT NULL,
  `telefono_contacto` varchar(15) DEFAULT NULL,
  `genero` varchar(10) DEFAULT NULL,
  `alergico` varchar(100) DEFAULT NULL,
  `vive_con` varchar(100) DEFAULT NULL,
  `enfermedad_cronica` varchar(100) DEFAULT NULL,
  `fecha_nacimiento` datetime NOT NULL
) ENGINE=InnoDB DEFAULT CHARSET=utf8mb4 COLLATE=utf8mb4_general_ci;

INSERT INTO `estudiante` (`id`, `primer_nombre`, `segundo_nombre`, `primer_apellido`, `segundo_apellido`, `rut`, `dv`, `telefono_contacto`, `genero`, `alergico`, `vive_con`, `enfermedad_cronica`, `fecha_nacimiento`) VALUES
(166, 'Alumno', 'Alumno', 'Prueba 1', 'Prueba 1', '18679871', '9', '937673730', 'M', 'Ninguno', 'Padres', '', '2018-04-04 00:00:00'),
(167, 'Alumno', 'Alumno', 'Prueba 2', 'Prueba 2', '18679872', '9', '937673730', 'F', 'Ninguno', 'Padres', '', '2018-04-04 00:00:00'),
(168, 'Santiago', 'Isaac', 'Arias', 'Arancibia', '26201034', '1', '987380899', 'M', 'Ninguno', 'Padres', '', '2018-04-04 00:00:00'),
(169, 'Lexa', 'Ignacia', 'Jara', 'Reinoso', '26651353', '4', '982113124', 'F', 'Ninguno', 'Padres', '', '2019-01-10 00:00:00'),
(170, 'Thomas', 'Andrés', 'Martinez', 'Reyes', '26595378', '6', '978797875', 'M', 'Ninguno', 'Padres', '', '2018-11-30 00:00:00'),
(171, 'Julieta', 'Francisca', 'Quiroga', 'Quiroga', '26365624', '5', '923441625', 'F', 'Ninguno', 'Padres', '', '2012-04-25 00:00:00'),
(172, 'Jose', 'Agustin', 'Suco', 'Navarro', '24543248', '8', '956271491', 'M', 'Ninguno', 'Padres', '', '2019-07-23 00:00:00'),
(173, 'Montserrat', 'Rocio', 'Suco', 'Navarro', '23543248', '8', '956271491', 'F', 'Ninguno', 'Padres', '', '2014-02-19 00:00:00'),
(174, 'Josefa', 'Trinidad', 'Toro', 'Gallardo', '26458979', '9', '954173715', 'F', 'Ninguno', 'Padres', '', '2018-09-06 00:00:00'),
(175, 'Martin', 'Saul', 'Toro', 'Gallardo', '25137497', 'k', '954173715', 'M', 'Ninguno', 'Padres', '', '2013-04-09 00:00:00'),
(176, 'Aurora', '', 'Torres', 'Guzman', '26562478', '2', '981565478', 'F', 'Ninguno', 'Padres', '', '2018-11-08 00:00:00'),
(177, 'Miguel', 'Angel', 'Torres', 'Guzman', '24790009', '8', '981565478', 'M', 'Ninguno', 'Padres', '', '2014-11-04 00:00:00'),
(178, 'Ian', 'Samir', 'Vidal', 'Osses', '26803838', '8', '962118031', 'M', 'Ninguno', 'Padres', '', '2019-04-22 00:00:00'),
(179, 'Adaline', 'Loreto', 'Aravena', 'Cofre', '26212408', '8', '976427165', 'M', 'Ninguno', 'Padres', '', '2018-04-12 00:00:00'),
(180, 'Emily Diana', 'Gissette', 'Aravena', 'Cofre', '23717752', '5', '976427165', 'M', 'Ninguno', 'Padres', '', '2011-08-12 00:00:00'),
(181, 'Gabriel', 'Máximo', 'Calderon', 'Casanova', '25938625', 'k', '973784797', 'M', 'Ninguno', 'Padres', '', '2017-10-11 00:00:00'),
(182, 'Mia', 'Ignacia', 'Calderon', 'Casanova', '23854981', '7', '973784797', 'F', 'Ninguno', 'Padres', '', '2012-01-27 00:00:00'),
(183, 'Franco', 'Alejandro', 'Calderon', 'Navarrete', '26163361', '2', '976638229', 'M', 'Ninguno', 'Padres', '', '2018-03-05 00:00:00'),
(184, 'Amanda', 'Isabel', 'Calderon', 'Navarrete', '24232421', '9', '976638229', 'F', 'Ninguno', 'Padres', '', '2013-03-30 00:00:00'),
(185, 'Lucas', 'Bernabé', 'Fernandez', 'Guerra', '26091194', '5', '935479879', 'M', 'Ninguno', 'Padres', '', '2018-01-22 00:00:00'),
(186, 'Renato', 'Alen', 'Gonzalez', 'Soto', '25936139', '7', '966413890', 'M', 'Ninguno', 'Padres', '', '2017-10-09 00:00:00'),
(187, 'Benjamin', 'Ignacio', 'Guerra', 'Cruz', '25805720', '1', '986986780', 'M', 'Ninguno', 'Padres', '', '2017-06-16 00:00:00'),
(188, 'Matias', 'Josías', 'Lazcano', 'Galdamez', '26002657', '7', '949832156', 'M', 'Ninguno', 'Padres', '', '2017-11-21 00:00:00'),
(190, 'Santiago', 'Arturo', 'Muñoz', 'Acevedo', '26026488', '5', '969086921', 'M', 'Ninguno', 'Padres', '', '2017-12-11 00:00:00'),
(191, 'Juan', 'Pablo', 'Olave', 'Salinas', '25795372', '6', '957690533', 'M', 'Ninguno', 'Padres', '', '2017-06-06 00:00:00'),
(192, 'Catalina', 'Florencia', 'Ordenes', 'Godoy', '25854287', '8', '981385342', 'F', 'Ninguno', 'Padres', '', '2017-08-02 00:00:00'),
(193, 'Magdalena', 'Paz', 'Ordenes', 'Godoy', '24065352', '2', '981385342', 'F', 'Ninguno', 'Padres', '', '2012-07-03 00:00:00'),
(194, 'Josefa', 'Antonia', 'Parra', 'Arcaya', '25794597', '9', '982701894', 'F', 'Ninguno', 'Padres', '', '2017-06-06 00:00:00'),
(195, 'Jose', 'Tomás', 'Parra', 'Arcaya', '23144981', '7', '982701894', 'M', 'Ninguno', 'Padres', '', '2009-10-05 00:00:00'),
(196, 'Agustina', 'Loreto', 'Rojas', 'Contreras', '25727290', '7', '977974802', 'F', 'Ninguno', 'Padres', '', '2017-04-03 00:00:00'),
(197, 'Florencia', 'Anaís', 'Rojas', 'Contreras', '24242716', '8', '977974802', 'F', 'Ninguno', 'Padres', '', '2013-04-09 00:00:00'),
(198, 'Fernanda', 'Isabella', 'Valenzuela', 'Fredes', '25816450', '4', '962728058', 'F', 'Ninguno', 'Padres', '', '2017-06-29 00:00:00'),
(199, 'Sofía', 'Isidora', 'Valenzuela', 'Fredes', '24180045', '8', '962728058', 'F', 'Ninguno', 'Padres', '', '2013-01-28 00:00:00'),
(200, 'Catalina', 'Andrea', 'Vega', 'Nuñez', '25755757', 'k', '956386278', 'F', 'Ninguno', 'Padres', '', '2017-05-03 00:00:00'),
(201, 'Josefina', 'Ignacia', 'Vega', 'Nuñez', '24311256', '7', '956386278', 'F', 'Ninguno', 'Padres', '', '2014-06-21 00:00:00'),
(202, 'Ignacia', 'Denisse', 'Villarroel', 'Vicencio', '25979787', 'k', '986027264', 'F', 'Ninguno', 'Padres', '', '2017-11-06 00:00:00'),
(203, 'Renato', 'Andres', 'Villarroel', 'Vicencio', '23915056', 'k', '986027264', 'M', 'Ninguno', 'Padres', '', '2012-03-30 00:00:00'),
(204, 'Mateo', 'Augusto', 'Aguilera', 'Ugaldes', '25675783', '4', '982100239', 'M', 'Ninguno', 'Padres', '', '2017-02-17 00:00:00'),
(205, 'Simón', 'Tomás', 'Araneda', 'Torres', '25590239', '3', '956889947', 'M', 'Ninguno', 'Padres', '', '2016-08-22 00:00:00'),
(206, 'Valeria', '', 'Calvo', 'Palacios', '25507758', '9', '952074658', 'F', 'Ninguno', 'Padres', '', '2016-09-13 00:00:00'),
(207, 'Diego', 'Pablo', 'Lara', 'Palacios', '23555190', 'k', '952074658', 'M', 'Ninguno', 'Padres', '', '2011-02-09 00:00:00'),
(208, 'Patricio', 'Andres', 'Carroza', 'Gallardo', '25299211', '1', '992145850', 'M', 'Ninguno', 'Padres', '', '2016-02-26 00:00:00'),
(209, 'Benjamin', 'Ignacio', 'Contreras', 'Espinoza', '25684591', '1', '984279170', 'M', 'Ninguno', 'Padres', '', '2017-02-24 00:00:00'),
(210, 'Alonso', 'Gabriel', 'Contreras', 'Espinoza', '24213621', '7', '984279170', 'M', 'Ninguno', 'Padres', '', '2013-03-04 00:00:00'),
(211, 'Felipe', 'Andres', 'Contreras', 'Moyano', '25321453', '8', '996991339', 'M', 'Ninguno', 'Padres', '', '2012-03-16 00:00:00'),
(212, 'Emiliano', 'Andres', 'Contreras', 'Moyano', '24621195', '7', '996991339', 'M', 'Ninguno', 'Padres', '', '2014-05-13 00:00:00'),
(213, 'Antonia', 'Beatriz', 'Chacón', 'Perez', '25361690', '3', '990870111', 'F', 'Ninguno', 'Padres', '', '2016-04-28 00:00:00'),
(214, 'Julieta', 'Ayun', 'Gallegos', 'Alamos', '25445070', '7', '934108995', 'F', 'Ninguno', 'Padres', '', '2016-07-14 00:00:00'),
(215, 'Raimundo', 'Andrés', 'Gutierrez', 'Godoy', '25426382', '6', '982358795', 'M', 'Ninguno', 'Padres', '', '2016-06-28 00:00:00'),
(216, 'Francisco', 'Maximiliano', 'Gutierrez', 'Godoy', '24738218', '6', '982358795', 'M', 'Ninguno', 'Padres', '', '2014-09-11 00:00:00'),
(217, 'Agustin', 'Ignacio', 'Herrera', 'Fernandez', '24998226', '1', '954115648', 'M', 'Ninguno', 'Padres', '', '2015-05-30 00:00:00'),
(218, 'Isidora', 'Belén', 'Jamett', 'Olivares', '25602004', '1', '995281985', 'F', 'Ninguno', 'Padres', '', '2016-12-16 00:00:00'),
(219, 'Rayén', 'Isabella', 'Molina', 'Lepe', '25584247', 'k', '954194737', 'F', 'Ninguno', 'Padres', '', '2016-11-30 00:00:00'),
(220, 'Lucas', 'Amaro Roman', 'Molina', 'Lepe', '24696468', '8', '954194737', 'M', 'Ninguno', 'Padres', '', '2014-07-29 00:00:00'),
(221, 'Amaro', 'Thomas', 'Olguin', 'Valdivia', '25438943', '9', '972668721', 'M', 'Ninguno', 'Padres', '', '2016-07-11 00:00:00'),
(222, 'Gabriel', 'Enrique', 'Pizarro', 'Pinto', '25632133', '5', '982212566', 'M', 'Ninguno', 'Padres', '', '2017-01-15 00:00:00'),
(223, 'Julieta', 'Belén', 'Rivadeneira', 'Gacitúa', '25552754', '1', '940988753', 'F', 'Ninguno', 'Padres', '', '2016-10-31 00:00:00'),
(224, 'Amanda', 'Paloma', 'Santander', 'Salinas', '25524090', '0', '975776763', 'F', 'Ninguno', 'Padres', '', '2016-09-30 00:00:00'),
(225, 'Gabriel', 'Alfonso', 'Tarifeño', 'Sanchez', '25189973', '8', '987469689', 'M', 'Ninguno', 'Padres', '', '2015-11-15 00:00:00'),
(226, 'Cristobal', 'Antonio', 'Tarifeño', 'Sanchez', '23229861', '8', '987469689', 'M', 'Ninguno', 'Padres', '', '2010-01-21 00:00:00'),
(227, 'Gastón', '', 'Torres', 'Perez', '25637304', '1', '973179246', 'M', 'Ninguno', 'Padres', '', '2017-01-19 00:00:00'),
(228, 'Alonso', 'Javier', 'Vasquez', 'Farandato', '25383790', 'k', '981928073', 'M', 'Ninguno', 'Padres', '', '2016-05-19 00:00:00'),
(229, 'Fernando', 'Alfredo', 'Velasquez', 'Sanchez', '25544582', '0', '963468147', 'M', 'Ninguno', 'Padres', '', '2016-10-20 00:00:00'),
(230, 'Emilia', 'Antonia', 'Videla', 'Domingo', '25396181', '3', '997121048', 'F', 'Ninguno', 'Padres', '', '2016-06-04 00:00:00'),
(231, 'Maria', 'Carolina', 'Ahumada', 'Humeres', '25315626', '0', '974941873', 'F', 'Ninguno', 'Padres', '', '2016-05-10 00:00:00'),
(232, 'Matias', 'Francisco', 'Contreras', 'Palma', '11111111', '1', '989206903', 'M', 'Ninguno', 'Padres', '', '2012-04-25 00:00:00'),
(233, 'Maite', 'Sofia', 'Contreras', 'Palma', '23691834', '3', '989206903', 'F', 'Ninguno', 'Padres', '', '2013-07-13 00:00:00'),
(234, 'Angélica', 'Lucía', 'Corredor', 'Muñoz', '25342093', '6', '952269803', 'F', 'Ninguno', 'Padres', '', '2016-04-07 00:00:00'),
(235, 'Valentina', '', 'Corredor', 'Muñoz', '24984174', '9', '952269803', 'F', 'Ninguno', 'Padres', '', '2014-08-24 00:00:00'),
(236, 'Miguel', 'Antonio', 'Diaz', 'Muñoz', '24952298', '8', '973678296', 'M', 'Ninguno', 'Padres', '', '2015-04-09 00:00:00'),
(237, 'Amaro', 'Nicolas', 'Ibaceta', 'Toledo', '25357547', '6', '956650136', 'M', 'Ninguno', 'Padres', '', '2016-04-19 00:00:00'),
(238, 'Constanza', 'Magdalena', 'Jara', 'Villarroel', '25017089', '0', '963481390', 'F', 'Ninguno', 'Padres', '', '2015-06-15 00:00:00'),
(239, 'Joaquín', 'Facundo', 'Muñoz', 'Gutierrez', '24936675', '4', '956362774', 'M', 'Ninguno', 'Padres', '', '2012-04-25 00:00:00'),
(240, 'Ian', 'Alex', 'Olivares', 'Chavez', '24984684', '8', '981368818', 'M', 'Ninguno', 'Padres', '', '2012-04-25 00:00:00'),
(241, 'Florencia', 'Belén', 'Orellana', 'Cura', '25047928', 'k', '964268671', 'F', 'Ninguno', 'Padres', '', '2012-04-25 00:00:00'),
(242, 'Fernanda', 'Ignacia', 'Orellana', 'Cura', '23401251', '7', '964268671', 'F', 'Ninguno', 'Padres', '', '2010-08-09 00:00:00'),
(243, 'Vicente', 'Enrique', 'Perez', 'Herrera', '25205776', '5', '993138434', 'M', 'Ninguno', 'Madre', '', '2012-04-25 00:00:00'),
(244, 'Leonor', 'Pascal', 'Quiroga', 'Guerra', '24958558', '0', '978632035', 'F', 'Ninguno', 'Padres', '', '2012-04-25 00:00:00'),
(245, 'Sara', 'Sofía', 'Rojas', 'Gomez', '24929011', '4', '979274239', 'F', 'Ninguno', 'Padres', '', '2012-03-15 00:00:00'),
(246, 'Nicole', 'Emilia', 'Sandoval', 'Nuñez', '24957695', '6', '990794090', 'F', 'Ninguno', 'Padres', '', '2015-09-04 00:00:00'),
(247, 'Luciano', 'Alonso', 'Sandoval', 'Viveros', '25040165', '5', '998210112', 'M', 'Ninguno', 'Padres', '', '2015-07-09 00:00:00'),
(248, 'Santiago', 'Ignacio', 'Solar', 'Sanchez', '25339011', '5', '979734323', 'M', 'Ninguno', 'Padres', '', '2016-04-04 00:00:00'),
(249, 'Josefina', 'Violeta', 'Solar', 'Sanchez', '24233013', '7', '979734323', 'F', 'Ninguno', 'Padres', '', '2013-01-04 00:00:00'),
(250, 'Amaro', 'Isaías', 'Vergara', 'Acuña', '24797598', '5', '991026069', 'M', 'Ninguno', 'Padres', '', '2014-10-11 00:00:00'),
(251, 'Amanda', 'Emilia', 'Vergara', 'Salinas', '25140051', '2', '954034776', 'F', 'Ninguno', 'Padres', '', '2012-04-25 00:00:00'),
(252, 'Lucas', 'Andrés', 'Vidal', 'Montero', '25231639', '0', '990027720', 'M', 'Ninguno', 'Padres', '', '2012-04-25 00:00:00'),
(253, 'Amparo', 'Thais', 'Silva', 'Cesped', '25029112', '5', '971344777', 'F', 'Ninguno', 'Padres', '', '2015-06-26 00:00:00'),
(254, 'Alonso', 'Isaias', 'Silva', 'Cesped', '24061570', '3', '971344777', 'M', 'Ninguno', 'Padres', '', '2012-09-11 00:00:00'),
(256, 'Alex', 'Tomás', 'Acevedo', 'Videla', '24719099', '6', '944040240', 'M', 'Ninguno', 'Padres', '', '2014-11-20 00:00:00'),
(257, 'Matias', 'Alejandro', 'Acevedo', 'Videla', '23509246', '8', '944040240', 'M', 'Ninguno', 'Padres', '', '2010-12-22 00:00:00'),
(258, 'Anthonella', 'Ignacia', 'Ahumada', 'Fredes', '24685862', '4', '99320497', 'F', 'Ninguno', 'Padres', '', '2016-07-14 00:00:00'),
(259, 'Renata', 'Isidora', 'Cortez', 'Cortes', '24714157', 'k', '988775820', 'F', 'Ninguno', 'Padres', '', '2014-08-14 00:00:00'),
(260, 'Camila', 'Victoria', 'Cortez', 'Cortes', '23193401', '4', '988775820', 'F', 'Ninguno', 'Padres', '', '2009-12-01 00:00:00'),
(261, 'Iker', 'Wilson', 'Cos', 'Rojas', '24637697', '2', '993001925', 'M', 'Ninguno', 'Padres', '', '2014-01-30 00:00:00'),
(263, 'Trinidad', 'Antonia', 'Guerra', 'Figueroa', '24746577', '4', '990791892', 'F', 'Ninguno', 'Padres', '', '2014-09-22 00:00:00'),
(264, 'Maximiliano', 'Javier', 'Guerra', 'Figueroa', '23362763', '1', '990791892', 'M', 'Ninguno', 'Padres', '', '2010-07-01 00:00:00'),
(265, 'Rafaella', 'Paz', 'Lillo', 'Garay', '24914206', '9', '967225622', 'F', 'Ninguno', 'Padres', '', '2015-02-28 00:00:00'),
(266, 'Renata', 'Carolina', 'Lobos', 'Caiceo', '24653134', 'k', '991067740', 'F', 'Ninguno', 'Padres', '', '2016-05-10 00:00:00'),
(267, 'Agustina', 'Florencia', 'Molina', 'Calderon', '24910749', '2', '978808708', 'F', 'Ninguno', 'Padres', '', '2015-02-27 00:00:00'),
(268, 'Josefa', 'Constanza', 'Muñoz', 'Manriquez', '24614541', '5', '990947201', 'F', 'Ninguno', 'Padres', '', '2014-05-07 00:00:00'),
(269, 'Alejandro', 'Andres', 'Naveas', 'Guerrero', '24491585', '1', '977954877', 'M', 'Ninguno', 'Padres', '', '2013-12-26 00:00:00'),
(270, 'Tomás', 'Lorenzo', 'Pizarro', 'Nuñez', '24774453', '3', '978794273', 'M', 'Ninguno', 'Padres', '', '2014-10-21 00:00:00'),
(271, 'Josefina', 'Magdalena', 'Pizarro', 'Nuñez', '24025949', '4', '978794273', 'F', 'Ninguno', 'Padres', '', '2014-08-03 00:00:00'),
(272, 'Leonora', 'Fernanda', 'Poblete', 'Inostroza', '24651363', '5', '989669860', 'F', 'Ninguno', 'Padres', '', '2014-06-14 00:00:00'),
(273, 'Lorenzo', 'Francisco', 'Poblete', 'Inostroza', '23699591', '7', '989669860', 'M', 'Ninguno', 'Padres', '', '2012-12-28 00:00:00'),
(274, 'Rafaela', 'Josefa', 'Salinas', 'Pinto', '24693722', '2', '956406652', 'F', 'Ninguno', 'Padres', '', '2014-06-26 00:00:00'),
(275, 'Julian', 'Andres', 'Tapia', 'Olivares', '24830242', '9', '978241215', 'M', 'Ninguno', 'Padres', '', '2016-12-15 00:00:00'),
(276, 'Florencia', 'Isidora Katalina', 'Tapia', 'Olivares', '23255474', '6', '978241215', 'F', 'Ninguno', 'Padres', '', '2010-02-18 00:00:00'),
(277, 'Agustin', 'Ignacio', 'Tapia', 'Pacheco', '24706474', '8', '947359362', 'M', 'Ninguno', 'Padres', '', '2014-08-08 00:00:00'),
(278, 'Raphaela', 'Amaral', 'Valenzuela', 'Abudeye', '24565327', '1', '999331641', 'F', 'Ninguno', 'Padres', '', '2014-03-13 00:00:00'),
(279, 'Vicente', 'Leonardo', 'Cordero', 'Aravena', '24819233', 'k', '995137259', 'M', 'Ninguno', 'Padres', '', '2014-12-06 00:00:00'),
(280, 'Tomas', 'Faustino', 'Leyton', 'Araya', '24783913', '5', '979532232', 'M', 'Ninguno', 'Padres', '979532232', '2014-10-28 00:00:00'),
(281, 'Santiago', '', 'Miranda', 'Bertran', '24692780', '4', '995137259', 'M', 'Ninguno', 'Padres', '', '2014-07-21 00:00:00'),
(282, 'Emmanuel', 'Santiago', 'Navarro', 'Murúa', '24823556', 'k', '949510476', 'M', 'Ninguno', 'Padres', '', '2014-12-08 00:00:00'),
(283, 'Alexander', 'Antonio', 'Reinoso', 'Corvalán', '24727310', '7', '971228072', 'M', 'Ninguno', 'Padres', '', '2014-08-30 00:00:00'),
(285, 'Matias', 'Vicente', 'Rodriguez', 'Cortes', '24841524', 'k', '979593420', 'M', 'Ninguno', 'Padres', '', '2014-12-30 00:00:00'),
(286, 'Lucas', 'Javier', 'Rodriguez', 'Cortes', '23336151', '8', '979593420', 'M', 'Ninguno', 'Padres', '', '2014-05-29 00:00:00'),
(287, 'Martin', 'Alfonso', 'Segovia', 'Muñoz', '24763014', '7', '990714839', 'M', 'Ninguno', 'Padres', '', '2014-06-10 00:00:00'),
(288, 'Amalia', 'Maria', 'Veliz', 'Astudillo', '24914068', '6', '984418334', 'F', 'Ninguno', 'Padres', '', '2015-03-01 00:00:00'),
(289, 'Anna', 'Agustina', 'Alvarez', 'Torres', '24629686', '3', '969180847', 'F', 'Ninguno', 'Padres', '', '2014-05-23 00:00:00'),
(290, 'Gustavo', 'Andres', 'Araneda', 'Bravo', '24549457', '2', '966886435', 'M', 'Ninguno', 'Padres', '', '2014-02-25 00:00:00'),
(291, 'Fernanda', 'Josefa', 'Avendaño', 'Arenas', '24504247', '7', '999934095', 'F', 'Ninguno', 'Padres', '', '2014-01-11 00:00:00'),
(292, 'Diego', '', 'Barros', 'Navarro', '24320198', '5', '952232709', 'M', 'Ninguno', 'Padres', '', '2013-07-01 00:00:00'),
(293, 'Bianca', 'Jacqueline', 'Carvacho', 'Pizarro', '23943953', '5', '993148888', 'F', 'Ninguno', 'Padres', '', '2012-05-09 00:00:00'),
(294, 'Josefa', 'Ignacia', 'Cataldo', 'Arenas', '24573584', '7', '950070967', 'F', 'Ninguno', 'Padres', '', '2014-03-22 00:00:00'),
(295, 'Agustin', 'Andres', 'Cerda', 'Muñoz', '23692760', '1', '964133211', 'M', 'Ninguno', 'Padres', '', '2011-07-15 00:00:00'),
(296, 'Cristobal', 'Ignacio', 'Cofré', 'Salinas', '23922110', '6', '971035951', 'M', 'Ninguno', 'Padres', '', '2012-05-11 00:00:00'),
(297, 'Cesar', 'Augusto', 'Figueroa', 'Carvajal', '24465102', 'k', '977668680', 'M', 'Ninguno', 'Padres', '', '2013-11-27 00:00:00'),
(298, 'Gaspar', 'Andres', 'Gonzalez', 'Moyano', '24570648', '0', '998822586', 'M', 'Ninguno', 'Padres', '', '2014-12-06 00:00:00'),
(299, 'Luciano', 'Miguel', 'Herrera', 'Pendola', '24373682', 'k', '934059250', 'M', 'Ninguno', 'Padres', '', '2014-12-06 00:00:00'),
(300, 'Agustina', 'Paz', 'Huerta', 'Navarro', '24086765', '6', '974104252', 'F', 'Ninguno', 'Padres', '', '2014-12-06 00:00:00'),
(301, 'Francisco', 'Raúl', 'Pandolfa', 'Ponce', '24325370', '5', '988946426', 'M', 'Ninguno', 'Padres', '', '2013-07-02 00:00:00'),
(302, 'Simon', 'Pascual', 'Pandolfa', 'Ponce', '24226582', '3', '973973426', 'M', 'Ninguno', 'Padres', '', '2013-03-22 00:00:00'),
(303, 'Jose', 'Ignacio', 'Pandolfa', 'Ponce', '23467533', '8', '973973426', 'M', 'Ninguno', 'Padres', '', '2010-10-30 00:00:00'),
(304, 'Luciano', 'Vicente', 'Porzio', 'Lazcano', '24477955', '7', '', 'M', 'Ninguno', 'Padres', '', '2013-12-11 00:00:00'),
(305, 'Juliano', 'Andrés', 'Quiroga', 'Vasquez', '24348634', '3', '984269939', 'M', 'Ninguno', 'Padres', '', '2013-07-31 00:00:00'),
(306, 'Cristobal', '', 'Salgado', 'Tapia', '24387198', '0', '986505348', 'M', 'Ninguno', 'Padres', '', '2013-09-16 00:00:00'),
(307, 'Gaston', 'Patricio', 'Villar', 'Henriquez', '24605245', 'k', '958004125', 'M', 'Ninguno', 'Padres', '', '2014-04-24 00:00:00'),
(308, 'Josefa', 'Margot', 'Arias', 'Candia', '24523258', '6', '963466869', 'M', 'Ninguno', 'Padres', '', '2014-01-28 00:00:00'),
(309, 'Benjamin', 'Alexis', 'Barrera', 'Gomez', '24531960', '6', '965914220', 'M', 'Ninguno', 'Padres', '', '2014-02-10 00:00:00'),
(310, 'Constanza', 'Catalina', 'Barrera', 'Gomez', '23622417', '1', '965914220', 'F', 'Ninguno', 'Padres', '', '2022-04-19 00:00:00'),
(311, 'Felix', 'Eduardo', 'Cofre', 'Aranda', '24501493', '7', '975872883', 'M', 'Ninguno', 'Padres', '', '2013-12-28 00:00:00'),
(312, 'Amanda', '', 'Diaz', 'Manzur', '24260472', '2', '976680209', 'F', 'Ninguno', 'Padres', '', '2013-04-26 00:00:00'),
(313, 'Cristobal', 'Francisco', 'Fuentes', 'Alarcón', '24138975', '8', '981827849', 'M', 'Ninguno', 'Padres', '', '2012-12-12 00:00:00'),
(314, 'Daniela', 'Elena', 'Miranda', 'Carvajal', '24333415', '2', '978086790', 'F', 'Ninguno', 'Padres', '', '2012-07-17 00:00:00'),
(315, 'Lucas', 'Mateo', 'Ojeda', 'Alvarez', '24547933', '6', '957130395', 'M', 'Ninguno', 'Padres', '', '2014-02-20 00:00:00'),
(316, 'Mario', 'Sebastian', 'Saravia', 'Zamora', '24538982', '5', '972414004', 'M', 'Ninguno', 'Padres', '', '2014-02-11 00:00:00'),
(317, 'Alonso', 'Alejandro', 'Torres', 'Maureira', '24343631', '1', '920373536', 'M', 'Ninguno', 'Padres', '', '2013-07-24 00:00:00'),
(318, 'Fernando', 'Agustin', 'Videla', 'Avila', '24546743', '5', '992145850', 'M', 'Ninguno', 'Padres', '', '2014-02-25 00:00:00'),
(319, 'Francisco', 'Jesus', 'Videla', 'Avila', '24546712', '5', '992145850', 'M', 'Ninguno', 'Padres', '', '2014-02-25 00:00:00'),
(320, 'Julieta', 'Ignacia', 'Villarroel', 'Amar', '24314592', '9', '935835352', 'F', 'Ninguno', 'Padres', '', '2013-06-25 00:00:00'),
(321, 'Jaime', 'Ignacio', 'Andrade', 'Ojeda', '24195432', '3', '982049842', 'M', 'Ninguno', 'Padres', '', '2013-02-18 00:00:00'),
(322, 'Marcel', 'Ignacio', 'Arias', 'Reyes', '24118910', '4', '979409324', 'M', 'Ninguno', 'Padres', '', '2012-11-15 00:00:00'),
(323, 'Renato', 'Agustin', 'Beiza', 'Rivera', '24020355', '3', '940181468', 'M', 'Ninguno', 'Padres', '', '2012-07-27 00:00:00'),
(324, 'Diego', 'Ignacio', 'Carrasco', 'Astorga', '23956292', '2', '997727051', 'M', 'Ninguno', 'Padres', '', '2012-05-22 00:00:00'),
(325, 'Isidora', 'Josefa', 'Carvajal', 'Osorio', '24214310', '8', '973285835', 'F', 'Ninguno', 'Padres', '', '2008-03-04 00:00:00'),
(326, 'Julieta', 'Antonia', 'Donoso', 'Donoso', '24140509', '5', '954933008', 'F', 'Ninguno', 'Padres', '', '2012-12-11 00:00:00'),
(327, 'Victoria', 'Anabella', 'Gonzalez', 'Lemus', '24068965', '0', '933092400', 'F', 'Ninguno', 'Padres', '', '2012-09-22 00:00:00'),
(328, 'Matias', 'Felipe', 'Gonzales', 'Maldini', '23691834', '3', '988375161', 'M', 'Ninguno', 'Padres', '', '2013-07-13 00:00:00'),
(329, 'Nicolas', 'Martin', 'Gonzales', 'Maldini', '23396495', '6', '988375161', 'M', 'Ninguno', 'Padres', '', '2010-08-11 00:00:00'),
(330, 'Dante', 'Gabriel', 'Gonzalez', 'Muñoz', '24172422', '0', '949682944', 'M', 'Ninguno', 'Padres', '', '2012-01-15 00:00:00'),
(331, 'Duvan', 'Aldair', 'Herrera', 'Lecaros', '24096672', '7', '963496109', 'M', 'Ninguno', 'Padres', '', '2012-10-17 00:00:00'),
(332, 'Rafeela', 'Leonor', 'Leiva', 'Cortes', '23861195', '4', '974906067', 'F', 'Ninguno', 'Padres', '', '2012-02-02 00:00:00'),
(333, 'Alonso', 'Martin', 'Opazo', 'Gonzales', '24213055', '3', '993423951', 'M', 'Ninguno', 'Padres', '', '2013-03-07 00:00:00'),
(334, 'Benjamin', 'Andres', 'Oróstica', 'Vergara', '24067958', '2', '946973053', 'M', 'Ninguno', 'Padres', '', '2011-11-22 00:00:00'),
(335, 'Julian', 'Nicolas', 'Rivera', 'Orellana', '24268005', '7', '985327452', 'M', 'Ninguno', 'Padres', '', '2013-05-03 00:00:00'),
(336, 'Fernando', 'Ignacio', 'Rivera', 'Orellana', '23761995', '1', '985327452', 'M', 'Ninguno', 'Padres', '', '2011-10-03 00:00:00'),
(337, 'Agustin', 'Ignacio', 'Rodriguez', 'Rivera', '24064141', '0', '952074658', 'M', 'Ninguno', 'Padres', '', '2012-09-12 00:00:00'),
(338, 'Antonia', 'Luciana', 'Vergara', 'Herrera', '23957615', 'k', '999544730', 'F', 'Ninguno', 'Padres', '', '2012-05-25 00:00:00'),
(339, 'Gabriel', 'Agustin', 'Perez', 'Briones', '24532788', '9', '951934567', 'M', 'Ninguno', 'Padres', '', '2014-02-10 00:00:00'),
(340, 'Maximiliano', 'Agustin', 'Biadayoli', 'Torres', '23830250', '1', '944841878', 'M', 'Ninguno', 'Padres', '', '2011-12-28 00:00:00'),
(341, 'Benjamin', 'Ignacio', 'Bruna', 'Rojas', '23980982', '0', '988422759', 'M', 'Ninguno', 'Padres', '', '2012-06-09 00:00:00'),
(342, 'Ignacio', 'Andres', 'Espinoza', 'Uribe', '23651781', '0', '981258048', 'M', 'Ninguno', 'Padres', '', '2011-05-25 00:00:00'),
(343, 'Daniel', 'Alejandro', 'Fernandez', 'Ortiz', '23788917', '7', '991752387', 'M', 'Ninguno', 'Padres', '', '2011-11-04 00:00:00'),
(344, 'Federico', '', 'Henriquez', 'Reinoso', '23870182', '1', '959415516', 'M', 'Ninguno', 'Padres', '', '2012-02-12 00:00:00'),
(345, 'Benjamin', 'Ignacio', 'Herrera', 'Huerta', '23430332', '5', '932019244', 'M', 'Ninguno', 'Padres', '', '2010-09-13 00:00:00'),
(346, 'Santiago', '', 'Londoño', 'Campiño', '10705774', '7', '944689786', 'M', 'Ninguno', 'Padres', '', '2011-11-22 00:00:00'),
(347, 'Pia', 'Francisca', 'Luengo', 'Tapia', '23956724', 'k', '986920655', 'F', 'Ninguno', 'Padres', '', '2012-05-22 00:00:00'),
(348, 'Javiera', 'Ignacia', 'Luengo', 'Tapia', '23337141', '6', '986920655', 'F', 'Ninguno', 'Padres', '', '2010-05-26 00:00:00'),
(349, 'Agustin', 'Ignacio', 'Miquel', 'Lopez', '23848396', '4', '983811048', 'M', 'Ninguno', 'Padres', '', '2012-01-15 00:00:00'),
(350, 'Isidora', 'Antonella', 'Rivas', 'Vergara', '23926867', '6', '984151330', 'F', 'Ninguno', 'Padres', '', '2012-04-16 00:00:00'),
(351, 'Javier', 'Ignacio', 'Rivas', 'Vergara', '23360275', '2', '984151330', 'M', 'Ninguno', 'Padres', '', '2010-06-28 00:00:00'),
(352, 'Tomas', 'Andres', 'Salinas', 'Delgado', '23848193', '7', '999672523', 'M', 'Ninguno', 'Padres', '', '2012-01-19 00:00:00'),
(353, 'Isabella', 'Alejandra', 'Santibañez', 'Contreras', '23913976', '0', '934405278', 'F', 'Ninguno', 'Padres', '', '2012-04-03 00:00:00'),
(354, 'Tomas', 'Agustin', 'Sepulveda', 'Aguilar', '23727245', '5', '959213694', 'M', 'Ninguno', 'Padres', '', '2011-08-24 00:00:00'),
(355, 'Agustin', 'Alejandro', 'Sepulveda', 'Aguilar', '23802926', '0', '998187798', 'M', 'Ninguno', 'Padres', '', '2011-11-23 00:00:00'),
(356, 'Boris', 'Fernando', 'Sepulveda', 'Contreras', '23732419', '6', '983478298', 'M', 'Ninguno', 'Padres', '', '2011-08-27 00:00:00'),
(357, 'Vicente', 'Agustin', 'Silva', 'Toro', '23733510', '4', '953531428', 'M', 'Ninguno', 'Padres', '', '2011-08-30 00:00:00'),
(358, 'Joaquin', 'Alejandro', 'Vivanco', 'Salinas', '23802443', '9', '984223105', 'M', 'Ninguno', 'Padres', '', '2011-11-21 00:00:00'),
(359, 'Claudio', 'Maximiliano', 'Astargo', 'Cerda', '23813264', '9', '993423951', 'M', 'Ninguno', 'Padres', '', '2011-12-05 00:00:00'),
(360, 'Laura', 'Sofia', 'Borquez', 'Espindola', '24102413', 'k', '984577067', 'F', 'Ninguno', 'Padres', '', '2012-02-15 00:00:00'),
(361, 'Maite', 'Genesis', 'Covalan', 'Rivera', '23940242', '9', '966268373', 'F', 'Ninguno', 'Padres', '', '2012-05-02 00:00:00'),
(362, 'Valentina', 'Denisse', 'Galvez', 'Donoso', '23827830', '9', '966450394', 'M', 'Ninguno', 'Padres', '', '2011-12-22 00:00:00'),
(363, 'Ethan', 'Alonso', 'Gonzales', 'Pizarro', '23781243', '3', '974104252', 'M', 'Ninguno', 'Padres', '', '2011-10-19 00:00:00'),
(364, 'Rafaela', 'Agustina', 'Leiva', 'Castro', '23855346', '6', '959514725', 'F', 'Ninguno', 'Padres', '', '2012-01-28 00:00:00'),
(365, 'Matheo', 'Gaspar', 'Meza', 'Varas', '23703701', '4', '950702668', 'M', 'Ninguno', 'Padres', '', '2011-07-27 00:00:00'),
(366, 'Sebastian', 'Ignacio', 'Olivares', 'Villanueva', '23748965', '9', '950888993', 'M', 'Ninguno', 'Padres', '', '2011-09-19 00:00:00'),
(367, 'Vicente', 'Manuel', 'Pizarro', 'Villalobos', '23495456', '3', '985281601', 'M', 'Ninguno', 'Padres', '', '2010-12-07 00:00:00'),
(368, 'Josefa', 'Paz', 'Porta', 'Jorquera', '23857215', '0', '998993371', 'F', 'Ninguno', 'Padres', '', '2012-01-30 00:00:00'),
(369, 'Martina', 'Pascale', 'Quezada', 'Vera', '23896988', '3', '974412789', 'F', 'Ninguno', 'Padres', '', '2012-03-12 00:00:00'),
(370, 'Alex', 'Jesus', 'Sanchez', 'Martinez', '23946665', '6', '979588844', 'M', 'Ninguno', 'Padres', '', '2012-05-13 00:00:00'),
(371, 'Franco', 'Tomas', 'Segovia', 'Zamora', '23845561', '8', '984757731', 'M', 'Ninguno', 'Padres', '', '2012-01-16 00:00:00'),
(372, 'Pablo', 'Manuel', 'Videla', 'Domingo', '23825070', '6', '997121048', 'M', 'Ninguno', 'Padres', '', '2011-12-21 00:00:00'),
(373, 'Maximiliano', 'Alfonso', 'Videla', 'Olivares', '23512838', '1', '941095123', 'M', 'Ninguno', 'Padres', '', '2012-12-27 00:00:00'),
(374, 'Benjamin', 'Ricardo', 'Aguilar', 'Fernandez', '23298981', '5', '962376620', 'M', 'Ninguno', 'Padres', '', '2010-04-17 00:00:00'),
(375, 'Renata', 'Andrea', 'Aguilera', 'Bustos', '22982110', '5', '954229601', 'F', 'Ninguno', 'Padres', '', '2009-03-28 00:00:00'),
(376, 'Catalina', 'Paz', 'Araya', 'Donoso', '23571214', '8', '984302443', 'F', 'Ninguno', 'Padres', '', '2011-02-28 00:00:00'),
(377, 'Julian', 'Antonio', 'Ascui', 'Estrada', '23351534', '5', '962359620', 'M', 'Ninguno', 'Padres', '', '2010-06-15 00:00:00'),
(378, 'Patricio', 'Alejandro', 'Astargo', 'Figueroa', '23756657', '2', '971717980', 'M', 'Ninguno', 'Padres', '', '2011-04-01 00:00:00'),
(379, 'Emily', 'Paz', 'Beiza', 'Moya', '23604761', 'k', '972974329', 'F', 'Ninguno', 'Padres', '', '2011-03-25 00:00:00'),
(380, 'Rafaella', '', 'Cruz', 'Aguila', '23578782', '2', '957986594', 'F', 'Ninguno', 'Padres', '', '2017-03-06 00:00:00'),
(381, 'Maite', 'Belén', 'Espinoza', 'Navea', '23498415', '2', '953449607', 'F', 'Ninguno', 'Padres', '', '2010-12-12 00:00:00'),
(382, 'Florencia', 'Antonia', 'Ibarra', 'Fernandois', '23473788', '0', '985018123', 'F', 'Ninguno', 'Padres', '', '2010-11-02 00:00:00'),
(383, 'Joaquin', 'Patricio', 'Leiva', 'Ramirez', '23417074', '0', '947167186', 'M', 'Ninguno', 'Padres', '', '2010-09-05 00:00:00'),
(384, 'Mateo', 'Felipe', 'Nieto', 'Ramirez', '23581693', '8', '977491118', 'M', 'Ninguno', 'Padres', '', '2011-03-11 00:00:00'),
(385, 'Ignacio', 'Philip', 'Olguin', 'Valdivia', '23517389', '1', '972668721', 'M', 'Ninguno', 'Padres', '', '2010-12-29 00:00:00'),
(386, 'Ignacio', 'Philip', 'Olguin', 'Valdivia', '23517389', '1', '972668721', 'M', 'Ninguno', 'Padres', '', '2010-12-29 00:00:00'),
(387, 'Tamara', 'Fernanda', 'Orellana', 'Almendras', '23520635', '8', '965583934', 'F', 'Ninguno', 'Padres', '', '2011-01-03 00:00:00'),
(388, 'Diego', 'Enrique', 'Osandon', 'Liberon', '23570042', '5', '932019244', 'M', 'Ninguno', 'Padres', '', '2011-02-26 00:00:00'),
(389, 'Sebastian', 'Ignacio', 'Perez', 'Castro', '23581521', '4', '977117099', 'M', 'Ninguno', 'Padres', '', '2011-03-12 00:00:00'),
(390, 'Montserrat', 'Abigail', 'Silva', 'Cesped', '23317255', '3', '962699883', 'F', 'Ninguno', 'Padres', '', '2010-05-11 00:00:00'),
(391, 'Cristobal', 'Ariel', 'Valencia', 'Bermudez', '23382027', 'k', '944572704', 'M', 'Ninguno', 'Padres', '', '2010-07-25 00:00:00'),
(392, 'Paloma', 'Belén', 'Valencia', 'Bermudez', '23382009', '1', '944572704', 'M', 'Ninguno', 'Padres', '', '2010-07-25 00:00:00'),
(393, 'Clemente', 'Andres', 'Vasquez', 'Villaseca', '22786975', '5', '995090952', 'M', 'Ninguno', 'Padres', '', '2008-07-23 00:00:00'),
(394, 'Renato', 'Salvador', 'Fernandez', 'Bugueño', '24684565', '4', '952337001', 'M', 'Ninguno', 'Padres', '', '2014-07-15 00:00:00'),
(395, 'Tomas', 'Alexander', 'Briones', 'Bugueño', '23420689', '3', '952337001', 'M', 'Ninguno', 'Padres', '', '2010-09-10 00:00:00'),
(400, 'Benjamin', 'Ignacio', 'Guerra', 'Castro', '23936972', '3', '937673730', 'M', 'Ninguno', 'Padres', '', '2012-04-25 00:00:00'),
(401, 'Pascalh', 'Amelie', 'Guerra', 'Castro', '25677557', '3', '937673730', 'F', 'Ninguno', 'Padres', '', '2017-02-14 00:00:00'),
(402, 'Luciano', 'Nicolas', 'Rivera', 'Diaz', '24901894', '5', '944407604', 'M', 'Ninguno', 'Padres', '', '2014-02-16 00:00:00'),
(403, 'Bruno', 'Alejandro', 'Matus', 'Diaz', '23499362', '3', '944407604', 'M', 'Ninguno', 'Padres', '', '2010-12-02 00:00:00'),
(406, 'Santiago', 'Leonardo', 'Molina', 'Pueyes', '26248687', '7', '959331642', 'M', 'Ninguno', 'Padres', '', '2018-04-25 00:00:00'),
(407, 'Isidora', 'Paz', 'Molina', 'Pueyes', '23527415', '9', '959331642', 'F', 'Ninguno', 'Padres', '', '2011-01-08 00:00:00'),
(408, 'Rafaella', 'Sofia', 'Arroyo', 'Aburto', '23393724', 'k', '992145076', 'F', 'Ninguno', 'Padres', '', '2010-08-10 00:00:00'),
(409, 'Agustin', 'Vicente', 'Ayala', 'Cabrera', '23271901', 'k', '956459866', 'M', 'Ninguno', 'Padres', '', '2010-03-16 00:00:00'),
(410, 'Antonella', 'Paz', 'Celis', 'Pacheco', '23317592', '7', '972790526', 'F', 'Ninguno', 'Padres', '', '2010-05-10 00:00:00'),
(411, 'Franco', 'Ricardo', 'Gonzales', 'Henriquez', '23405191', '1', '996744000', 'M', 'Ninguno', 'Padres', '', '2010-08-21 00:00:00'),
(412, 'Vicente', 'Ignacio', 'Hormazabal', 'Roldan', '23450013', '9', '942783506', 'M', 'Ninguno', 'Padres', '', '2010-10-15 00:00:00'),
(413, 'Benjamin', 'Ignacio', 'Lazcano', 'Herrera', '23513473', 'k', '982258532', 'M', 'Ninguno', 'Padres', '', '2010-12-28 00:00:00'),
(414, 'Ignacio', 'Anib', 'Lazcano', 'Lobos', '23290411', '9', '930343810', 'M', 'Ninguno', 'Padres', '', '2010-04-02 00:00:00'),
(415, 'Paz', 'Victoria', 'Linares', 'Herrera', '23395868', '9', '953596741', 'F', 'Ninguno', 'Padres', '', '2010-08-11 00:00:00'),
(416, 'Richard', 'Armando', 'Paez', 'Cataldo', '23615033', 'k', '981828530', 'M', 'Ninguno', 'Padres', '', '2011-04-05 00:00:00'),
(417, 'Tomas', 'Javier', 'Videla', 'Huerta', '23567698', '2', '930854401', 'M', 'Ninguno', 'Padres', '', '2011-02-22 00:00:00'),
(418, 'Matias', 'Ignacio', 'Aguilera', 'Otarola', '23152359', '6', '997453393', 'M', 'Ninguno', 'Padres', '', '2009-10-18 00:00:00'),
(419, 'Karlo', 'Vicente', 'Boitano', 'Mora', '23110879', '3', '968532059', 'M', 'Ninguno', 'Padres', '', '2009-09-01 00:00:00'),
(420, 'Isidora', 'Antonella', 'Borquez', 'Saez', '23241084', '1', '958141584', 'F', 'Ninguno', 'Padres', '', '2010-02-04 00:00:00'),
(421, 'Sofia', 'Belen', 'Cepeda', 'Quezada', '22926622', '5', '977083399', 'F', 'Ninguno', 'Padres', '', '2009-01-19 00:00:00'),
(422, 'Emilio', 'Andres', 'Fernandez', 'Reinoso', '23089287', '3', '998177661', 'M', 'Ninguno', 'Padres', '', '2009-08-04 00:00:00'),
(423, 'Jorge', 'Eduardo', 'Gallardo', 'Saavedra', '23205075', '6', '965382825', 'M', 'Ninguno', 'Padres', '', '2009-12-22 00:00:00'),
(424, 'Fernanda', 'Belén', 'Guerra', 'Toledo', '23243594', '1', '992909264', 'F', 'Ninguno', 'Padres', '', '2010-02-06 00:00:00'),
(425, 'Florencia', 'Belen', 'Herrera', 'Pizarro', '23289866', '6', '977457299', 'F', 'Ninguno', 'Padres', '', '2010-04-05 00:00:00'),
(426, 'Facundo', 'Hernan', 'Hormazabal', 'Caiceo', '22948323', '4', '963472732', 'M', 'Ninguno', 'Padres', '', '2009-02-17 00:00:00'),
(427, 'Benjamin', 'Joaquin Ignacio', 'Lonconado', 'Gonzalez', '22958389', '1', '971891587', 'M', 'Ninguno', 'Padres', '', '2009-03-01 00:00:00'),
(428, 'Lucas', 'Benjamin', 'Villalobos', 'Gomez', '23296158', '9', '976079150', 'M', 'Ninguno', 'Padres', '', '2010-04-08 00:00:00'),
(429, 'Lucas', 'Benjamin', 'Villalobos', 'Golmez', '23090476', '6', '973620516', 'M', 'Ninguno', 'Padres', '', '2009-08-05 00:00:00');

CREATE TABLE `estudiante_curso` (
  `estudiante_id` int(11) NOT NULL,
  `curso_id` int(11) NOT NULL
) ENGINE=InnoDB DEFAULT CHARSET=utf8mb4 COLLATE=utf8mb4_general_ci;

INSERT INTO `estudiante_curso` (`estudiante_id`, `curso_id`) VALUES
(166, 1),
(167, 1),
(168, 1),
(169, 1),
(170, 1),
(171, 1),
(172, 1),
(173, 7),
(174, 1),
(175, 8),
(176, 1),
(177, 5),
(178, 1),
(179, 2),
(180, 10),
(181, 2),
(182, 11),
(183, 2),
(184, 9),
(185, 2),
(186, 2),
(187, 2),
(188, 2),
(190, 2),
(191, 2),
(192, 2),
(193, 9),
(194, 2),
(195, 14),
(196, 2),
(197, 9),
(198, 2),
(199, 9),
(200, 2),
(201, 7),
(202, 2),
(203, 11),
(204, 3),
(205, 3),
(206, 3),
(207, 12),
(208, 3),
(209, 3),
(210, 3),
(211, 3),
(212, 5),
(213, 3),
(214, 3),
(215, 3),
(216, 5),
(217, 3),
(218, 3),
(219, 3),
(220, 3),
(221, 3),
(222, 3),
(223, 3),
(224, 3),
(225, 3),
(226, 3),
(227, 3),
(228, 3),
(229, 3),
(230, 3),
(231, 4),
(232, 4),
(233, 9),
(234, 4),
(235, 5),
(236, 4),
(237, 4),
(238, 4),
(239, 4),
(240, 4),
(241, 4),
(242, 12),
(243, 4),
(244, 4),
(245, 4),
(246, 4),
(247, 4),
(248, 4),
(249, 9),
(250, 4),
(251, 4),
(252, 4),
(253, 4),
(254, 9),
(256, 5),
(257, 8),
(258, 5),
(259, 5),
(260, 14),
(261, 5),
(263, 5),
(264, 13),
(265, 5),
(266, 5),
(267, 5),
(268, 5),
(269, 5),
(270, 5),
(271, 9),
(272, 5),
(273, 10),
(274, 5),
(275, 5),
(276, 14),
(277, 5),
(278, 5),
(279, 6),
(280, 6),
(281, 6),
(282, 6),
(283, 6),
(285, 6),
(286, 13),
(287, 6),
(288, 6),
(289, 7),
(290, 7),
(291, 7),
(292, 7),
(293, 7),
(294, 7),
(295, 7),
(296, 7),
(297, 7),
(298, 7),
(299, 7),
(300, 7),
(301, 7),
(302, 7),
(303, 13),
(304, 7),
(305, 7),
(306, 7),
(307, 7),
(308, 8),
(309, 8),
(310, 13),
(311, 8),
(312, 8),
(313, 8),
(314, 8),
(315, 8),
(316, 8),
(317, 8),
(318, 8),
(319, 8),
(320, 8),
(321, 9),
(322, 9),
(323, 9),
(324, 9),
(325, 9),
(326, 9),
(327, 9),
(328, 9),
(329, 13),
(330, 9),
(331, 9),
(332, 9),
(333, 9),
(334, 9),
(335, 9),
(336, 11),
(337, 9),
(338, 9),
(339, 7),
(340, 10),
(341, 10),
(342, 10),
(343, 10),
(344, 10),
(345, 10),
(346, 10),
(347, 10),
(348, 14),
(349, 10),
(350, 10),
(351, 12),
(352, 10),
(353, 10),
(354, 10),
(355, 10),
(356, 10),
(357, 10),
(358, 10),
(359, 11),
(360, 11),
(361, 11),
(362, 11),
(363, 11),
(364, 11),
(365, 11),
(366, 11),
(367, 11),
(368, 11),
(369, 11),
(370, 11),
(371, 11),
(372, 11),
(373, 11),
(374, 12),
(375, 12),
(376, 12),
(377, 12),
(378, 12),
(379, 12),
(380, 12),
(381, 12),
(382, 12),
(383, 12),
(384, 12),
(385, 12),
(386, 12),
(387, 12),
(388, 12),
(389, 12),
(390, 12),
(391, 12),
(392, 13),
(393, 12),
(394, 5),
(395, 13),
(400, 7),
(401, 3),
(402, 6),
(403, 13),
(406, 2),
(407, 13),
(408, 13),
(409, 13),
(410, 13),
(411, 13),
(412, 13),
(413, 13),
(414, 13),
(415, 13),
(416, 13),
(417, 13),
(418, 14),
(419, 14),
(420, 14),
(421, 14),
(422, 14),
(423, 14),
(424, 14),
(425, 14),
(426, 14),
(427, 14),
(428, 13),
(429, 14);

CREATE TABLE `pago` (
  `id` int(11) NOT NULL,
  `fecha` date DEFAULT NULL,
  `monto` decimal(10,2) DEFAULT NULL,
  `tipo_pago_id` int(11) DEFAULT NULL
) ENGINE=InnoDB DEFAULT CHARSET=utf8mb4 COLLATE=utf8mb4_general_ci;

CREATE TABLE `profesor` (
  `id` int(11) NOT NULL,
  `primer_nombre` varchar(50) NOT NULL,
  `segundo_nombre` varchar(50) DEFAULT NULL,
  `primer_apellido` varchar(50) NOT NULL,
  `segundo_apellido` varchar(50) DEFAULT NULL,
  `rut` varchar(10) NOT NULL,
  `dv` char(1) NOT NULL,
  `telefono` varchar(15) DEFAULT NULL,
  `correo_electronico` varchar(100) DEFAULT NULL
) ENGINE=InnoDB DEFAULT CHARSET=utf8mb4 COLLATE=utf8mb4_general_ci;

INSERT INTO `profesor` (`id`, `primer_nombre`, `segundo_nombre`, `primer_apellido`, `segundo_apellido`, `rut`, `dv`, `telefono`, `correo_electronico`) VALUES
(1, 'Maria', 'Olga', 'Bravo', 'Caceres', '15818487', '7', '966886435', 'mariaolgabravo.cach@gmail.com'),
(2, 'Fabiola', 'Solange', 'Cabrera', 'Moreno', '13981434', '7', '996317819', 'fabinstructora35@gmail.com'),
(3, 'Erika', 'Marcela', 'Donoso', 'Arancibia', '13751619', '5', '977692341', 'erikamdonoso@gmail.com'),
(4, 'Elwin', 'Alexis', 'Fernandez', 'Varas', '11944261', '3', '942457883', 'elwinfernandez.cach@gmail.com'),
(5, 'Gema', 'De Las Mercedes', 'Guzman', 'Rodriguez', '13351869', 'k', '981565478', 'gemita24@gmail.com'),
(6, 'Maria', 'Victoria', 'Lizana', 'Quijanes', '17468364', '6', '933791121', 'mlizanaquijanes@gmail.com'),
(7, 'Daniela', 'Alexandra', 'Moncada', 'Serey', '16305624', '0', '962790577', 'danielamoncadaserey23@gmail.com'),
(8, 'Viviana', 'Karina', 'Montenegro', 'Escobar', '15065403', '3', '993643381', 'vivianamontenegro.cach@gmail.com'),
(9, 'Paula', 'Andrea', 'Muñoz', 'Milla', '17972195', '3', '944863629', 'englishprofepau@gmail.com'),
(10, 'Javiera', 'Isidora', 'Muñoz', 'Villarroel', '19887868', '5', '988209314', 'j28122012@gmail.com'),
(11, 'Maria', 'Paz', 'Navea', 'Reinoso', '17163932', '8', '953449607', 'mariapaznavea.cach@gmail.com'),
(12, 'Juan', 'Francisco', 'Palacios', 'Bugueño', '18680585', '2', '964148933', 'juanfraa.pb@gmail.com'),
(13, 'Marlenne', 'Tamara', 'Rodriguez', 'Banda', '18561960', '5', '981212560', 'marlennerodriguez.cach@hotmail.com'),
(14, 'Valeria', 'Isabel', 'Toledo', 'Soto', '16951350', '3', '934331816', 'valeriatoledo.cach@gmail.com'),
(15, 'Maria', 'Ines', 'Trigo', 'Ossandon', '8271586', 'k', '971019610', 'manetrigo@hotmail.com'),
(16, 'Ricxi', 'Andrea', 'Vasquez', 'Montenegro', '17468736', '6', '984269939', 'ricxivm@gmail.com');

CREATE TABLE `region` (
  `id` int(11) NOT NULL,
  `nombre` varchar(50) NOT NULL
) ENGINE=InnoDB DEFAULT CHARSET=utf8mb4 COLLATE=utf8mb4_general_ci;

INSERT INTO `region` (`id`, `nombre`) VALUES
(1, ''),
(2, ''),
(3, ''),
(4, ''),
(5, ''),
(6, ''),
(7, ''),
(8, ''),
(9, ''),
(10, ''),
(11, ''),
(12, ''),
(13, ''),
(14, ''),
(15, ''),
(16, ''),
(17, 'Región de Arica'),
(18, 'Región deTarapacá'),
(19, 'Región de Antofagasta'),
(20, 'Región de Atacama'),
(21, 'Región de Coquimbo'),
(22, 'Región de Valparaíso'),
(23, 'Región de O’Higgins'),
(24, 'Región del Maule'),
(25, 'Región de Ñuble'),
(26, 'Región del Biobío'),
(27, 'Región de La Araucanía'),
(28, 'Región de Los Ríos'),
(29, 'Región de Los Lagos'),
(30, 'Región de Aysén'),
(31, 'Región de Magallanes'),
(32, 'Región Metropolitana de Santiago');

CREATE TABLE `roles` (
  `id` int(11) NOT NULL,
  `nombre` varchar(50) NOT NULL,
  `descripcion` varchar(255) DEFAULT NULL
) ENGINE=InnoDB DEFAULT CHARSET=utf8mb4 COLLATE=utf8mb4_general_ci;

INSERT INTO `roles` (`id`, `nombre`, `descripcion`) VALUES
(1, 'ADMIN', 'Administrador del sistema'),
(2, 'APODERADO', 'Apoderado de un estudiante'),
(3, 'PROFESOR', 'Profesor del colegio');

CREATE TABLE `tipo_pago` (
  `id` int(11) NOT NULL,
  `detalle` varchar(255) DEFAULT NULL
) ENGINE=InnoDB DEFAULT CHARSET=utf8mb4 COLLATE=utf8mb4_general_ci;

INSERT INTO `tipo_pago` (`id`, `detalle`) VALUES
(1, 'Efectivo'),
(2, 'Tarjeta de Crédito'),
(3, 'Transferencia Bancaria'),
(4, 'Cheque');

CREATE TABLE `usuarios` (
  `id` int(11) NOT NULL,
  `username` varchar(255) NOT NULL,
  `password` varchar(255) NOT NULL,
  `correo_electronico` varchar(255) NOT NULL,
  `apoderado_id` int(11) DEFAULT NULL,
  `profesor_id` int(11) DEFAULT NULL,
  `rut` varchar(255) NOT NULL
) ENGINE=InnoDB DEFAULT CHARSET=utf8mb4 COLLATE=utf8mb4_general_ci;

INSERT INTO `usuarios` (`id`, `username`, `password`, `correo_electronico`, `apoderado_id`, `profesor_id`, `rut`) VALUES
(20, 'jeniffer.arancibia', '$2b$05$XsICAxuQuBwDPfMnU59MTeEfzLRSVqNL7ho0p0H/I6qBU2dzM7CGK', 'arancibiajeniffer@gmail.com', 123, NULL, '17468787'),
(21, 'fabiola.reinoso', '$2b$05$vMcm.MDaONfic455uUEkcef6FclAn0UaWVKbPc8U04kwFOTuaVshe', 'fabiola.reinoso.s@gmail.com', 124, NULL, '16852297'),
(22, 'claudia.reyes', '$2b$05$/yJMMMf3qDgTvwfixA0rPOCzmpUb38b6QHXKP1PqdNQbqJ6P4cFVm', 'creyes941@gmail.com', 125, NULL, '18680121'),
(23, 'hector.quiroga', '$2b$05$GdA.OorvDm6ud5YdZL8d3eOFZ.Zbw0ZoTDjioluojVY2xx5x6kc5S', 'hectorjavierquirogareyes@gmail.com', 126, NULL, '15018183'),
(24, 'fabiola.navarro', '$2b$05$bBaAG/1YhLiFvbjk9U3atu89A2U2PCrok9kklQo5OTtyS9UaE4sdK', 'fabiolanavarro.psp@gmail.com', 127, NULL, '15700282'),
(25, 'maria.gallardo', '$2b$05$8S778gE1gGK6pdz.Ac5GJOj3dEzHRaVp5QptMhi3EeWzluK0lCyny', 'cotegallardo_7@hotmail.com', 128, NULL, '17163714'),
(26, 'gema.guzman', '$2b$05$57H.IJbTT/xmlQvBfTJ7FeYp8J8YbvS6FLZbWZNgDOd4yxe6KCfHy', 'gemita24@gmail.com', 129, NULL, '13351869'),
(27, 'nathalie.osses', '$2b$05$8AStzpLEHooJpD9HvZBpf.bA9xgPBKiRjjUbMqL4t8FYdyr/IcuWW', 'nathy.osses.c@gmail.com', 130, NULL, '16305610'),
(28, 'carlos.aravena', '$2b$05$NUVlrmTIJK5wpOjFbiwCVel37OjNur2iLxqDuOioCYpe6wAGTbxT6', 'aravena.rodriguez@hotmail.com', 131, NULL, '17773718'),
(29, 'erika.casanova', '$2b$05$6luERlkZvUfFpm4r7zU5auiqRCUUr79P6BiDOqOtqbGogIalZh6gG', 'erika.amanda.casanova@gmail.com', 132, NULL, '17164140'),
(30, 'catherine.navarrete', '$2b$05$5ie8FS5nwkcn0ALs9vkLUeRNilNBSObUYF0KfOXA6vSYwsSqAnNfa', 'catherinenavarretemiranda@gmail.com', 133, NULL, '13987065'),
(31, 'alexandra.guerra', '$2b$05$2sxM0t4GXKTqvuyeBj06F.9njFefMdG.ZBMXTPOWblPa5w2rz7MZC', 'lucasbernabe721@gmail.com', 134, NULL, '18680316'),
(32, 'maria.soto', '$2b$05$IBfNCb304f/t.foIx4IYiOHamg6hmonlqkOUgmjC9ygnjezADdWP6', 'mtsotopezo@gmail.com', 135, NULL, '17163774'),
(33, 'flavio.guerra', '$2b$05$zFx.aYonOiBL4Y/NVHYjGeZBjAWrYXh/wgiIcSo6d/pxxM08dbk1q', 'flavioggconstruccion@gmail.com', 136, NULL, '16183634'),
(34, 'pia.galdamez', '$2b$05$bHuACaM8k5e434j9s92VcuwGOmq2GCD1KAVSZao7rAqG3nL2J9B9G', 'piagaldamez83@gmail.com', 137, NULL, '15742505'),
(36, 'myriam.acevedo', '$2b$05$/ruZqc2CeEM7cz00qjjukuzCP63Ero5z8j9B4uvkh4P4Sgyk8N0Ra', 'myri_venus@hotmail.com', 139, NULL, '15603093'),
(37, 'carla.salinas', '$2b$05$0RbJfwHOo7Lm6QZuCM6e9u1XXieSFtt6WR7JoIKpTqAHOvCsKHrA6', 'csgarces@live.cl', 140, NULL, '15061145'),
(38, 'gabriela.godoy', '$2b$05$Nt.FKYkvlhRDkQgU2Q0QvOgNev0dSeEPr8UGjJZPgQIDge3.T6/tS', 'babygodoyp@gmail.com', 141, NULL, '17482043'),
(39, 'alba.arcaya', '$2b$05$K7agqGfC3jXaXG83Y08W9epoKqujeIpjewq0oPsfbD2d0LNnUffxm', 'alba.ar.villaf@gmail.com', 142, NULL, '17117947'),
(40, 'claudia.contreras', '$2b$05$EQIu047.njcgxAI.AmCInuddaooqPrcUaG1L/ja/MnoVdG.NkPEPe', 'claudia.c.p.1986@gmail.com', 143, NULL, '16306096'),
(41, 'francisca.fredes', '$2b$05$goROETl2la5/ptitkdyE8uv4BOqDq/j//TUq59R6prJzYA.Ql36jW', 'fvfredes@hotmail.com', 144, NULL, '12051001'),
(42, 'andrea.nuñez', '$2b$05$qMlU2/eqppPgpf4go0gq0.olHvaRQpgrtkdSaFW.yp0aU6SEpfrtS', 'nandreapaz@gmail.com', 145, NULL, '18112990'),
(43, 'ambar.vicencio', '$2b$05$FPVZ2b2HHuNdQxVvbbs6Pe7OkVu9ZwFKPiAGN761i5tm2oFH3D2mO', 'ambarvb@hotmail.com', 146, NULL, '13827782'),
(44, 'fernanda.ugaldes', '$2b$05$Kc8moB2wEgBqDXM71/5mees40IBOGcKo9e5BMRkjdw9Mtb2eMQH6C', 'fernandaugaldes@gmail.com', 147, NULL, '17164380'),
(45, 'estephania.torres', '$2b$05$/dCXoKLSXMxFPD9kIkt9ael4MjP5HokDvhHTqD8CxDYSDeXWDNHqi', 'stephania.torres.cos@gmail.com', 148, NULL, '18493671'),
(46, 'tania.palacios', '$2b$05$A54WrREwTXNMYq2l6siBPuze8s16A/Qsj8ykJcfYlXsbDzo3aAChq', 'tbpb1989@gmail.com', 149, NULL, '17242406'),
(47, 'carlos.carroza', '$2b$05$yWfu7CNZFX72zhCYrE/ZheXUqwZ0Y5w5LuIpAW9SvDUo.Gycp78Am', 'carloscarroza@gmail.com', 150, NULL, '13781933'),
(48, 'karla.espinoza', '$2b$05$woN3OvQZUEPoG8SqnOa4RusEr4Xx2XdkAmS.aoZDEJOoRtaEJwip.', 'karlaespinozav30@gmail.com', 151, NULL, '16889066'),
(49, 'elizabeth.moyano', '$2b$05$2T2hhjar1SdisZ/0W7NJROrtkHf0T9xRqDXxZ9rp7bPaUkGGQ6NI6', 'elizabeth_moyanop@yahoo.es', 152, NULL, '12949954'),
(50, 'cindy.perez', '$2b$05$zwJ3QeYTpyIls9KpBsAQLuPfuHONKFZ0Q1VANnk2SWUY6QY3jetie', 'cperezvillarroel@gmail.com', 153, NULL, '13982616'),
(51, 'constanza.alamos', '$2b$05$ucDuQ2YvB5gqhwDY4e9OTOL.5Hu7c45p5/9KbP8oSKoyivDValZt6', 'constanza.nicole.alamos@gmail.com', 154, NULL, '18706008'),
(52, 'jacqueline.godoy', '$2b$05$/559ED4/R0Np7jGpAwCQ2.EOKKpb4aGU/buvNxNB92NYtze3J1l2K', 'jaqui1609@gmail.com', 155, NULL, '12600395'),
(53, 'daniela.fernandez', '$2b$05$VdJsP61dsdiWik/B2sugi.PjtFpppz5l1Q.cHuYQhjaQj8qPrlIbi', 'danielafernandezpizarro@gmail.com', 156, NULL, '17468482'),
(54, 'marcela.olivares', '$2b$05$svKl.NOuEDSWFofH7X6FJeEKY5rVnPOGjq24B1oA144NgUUc.JUI.', 'marcelavaleska_1984@hotmail.com', 157, NULL, '15754762'),
(55, 'cesar.molina', '$2b$05$QGRzee.hfS/9PDCvBHcyqe1VU4KCzFqVNSDrWGGLOyh0k//BxsQFK', 'cenmolina@gmail.com', 158, NULL, '15667067'),
(56, 'miriam.valdivia', '$2b$05$5nj5.9wNd1NYrGb8gvq4ceo3ARP.6c9Rxc9MhH0ARGCzRG1x6YEMe', 'miriam901677@gmail.com', 159, NULL, '16928798'),
(57, 'maria.pinto', '$2b$05$s8aMsjLbidFCWYwcLYIB2uvZojO72cCV9ZU2yEmirSI2d5xHUhKSC', 'pinto.majose@gmail.com', 160, NULL, '16015974'),
(58, 'isabella.gacitúa', '$2b$05$7bQroNMf5PESVZuMet0jk.r2dYn0qejEP29AziSlU/wqW81U2XB6q', 'isabella.gacitua@hotmail.com', 161, NULL, '19267681'),
(59, 'maria.salinas', '$2b$05$kqeswzwRcKsFjJKXitTlPutPTzdgFuOyqzg9Z1aXIH4q/CN7OM09q', 'tetesalinas@gmail.com', 162, NULL, '16026647'),
(60, 'evelyn.sanchez', '$2b$05$o1opIOWc6fraEyd3zE.AqOrALQPlEXGeH6gYHUmkLx3Doc5amz7mS', 'esanchez.ds@gmail.com', 163, NULL, '15060545'),
(61, 'elizabeth.perez', '$2b$05$qJXHtYfMO72UD6dJCWvzC.hNqa9gkZEx3MDB0klC5I8.rVLHzkXkK', 'eperezolivarez822@gmail.com', 164, NULL, '17163848'),
(62, 'pamela.farandato', '$2b$05$Cn6ZcB3sgu7COZxO1tWyTODiz.DIPwkzZe74QBM2jFM8ubErjPTGq', 'p.farandato@gmail.com', 165, NULL, '16439400'),
(63, 'isaias.velasquez', '$2b$05$IHxDIjqayV0TR9ztABp9q.avaQZuSllkiLIQqNI3OL0fZDt0m.CDi', 'isaiasevc@gmail.com', 166, NULL, '15390580'),
(64, 'victoria.domingo', '$2b$05$4a6Cq7SPKve4TdKareib4O5prIuMDzwkbV5RAa7bCFUKACVciDjvG', 'victoria.adi@gmail.com', 167, NULL, '17514237'),
(65, 'maria.humeres', '$2b$05$tSuGfZ8W892OQB1xAD0ngeYDX9DQUh9P12.EfalauY6oWY8llUIr6', 'mariahumeres@gmail.com', 168, NULL, '15742606'),
(66, 'patricia.palma', '$2b$05$AOOb60tkhuE.fzWfm7RoJevOz8iI.4/IUuBPQj/zS3tZdp02f4H7S', 'ppalma.m0506@gmail.com', 169, NULL, '13208549'),
(67, 'nelson.corredor', '$2b$05$nnrkeZS6Lz6GZLTBcRm0AeNNW7CDxOHIcoeEogTMvzBYHUHbQBuAC', 'nacro3@gmail.com', 170, NULL, '24884941'),
(68, 'jessica.muñoz', '$2b$05$wYyAT/y3rhkzlGwv/KSzN.1Dy670Sq.UPLTdUZ6k3yjRYBCpfkjQq', 'jessicamv2502@gmail.com', 171, NULL, '13331095'),
(69, 'ana.toledo', '$2b$05$vLxjjRJhVFQrFfLLc0ZZRuXd8TQRvvDTXmiL7lrfTkS1cHVR.Zqku', 'anitatoledox@gmail.com', 172, NULL, '13982597'),
(70, 'karen.villarroel', '$2b$05$sWFZXd0Kpm9Ir0QxSaLEsOFBd8qRJolOf95GNrgXMYuY82JqVJlri', 'kvilla.castro@gmail.com', 173, NULL, '16027784'),
(71, 'jennifer.gutierrez', '$2b$05$rFXgWcP0jMUwm4fxqpnXK.e7fYIBF7.sxttTJcWHGe9HXw9CZxvbu', 'jennifergutierrezv@hotmail.com', 174, NULL, '18971071'),
(72, 'francisco.olivares', '$2b$05$jiNbGSWzypqnjaCMGDQjcO3J2TaTJ23XbjDfW7VoY/hNp2qM1tv/C', 'francisco_olivares@hotmail.com', 175, NULL, '12395260'),
(73, 'cindy.cura', '$2b$05$gm.DRGbv/1D07pIOL5XaUeW7LoM18ImSn7QWmYHYQzhGS9bnU8f6i', 'eduandres777@hotmail.com', 176, NULL, '16852296'),
(74, 'maria.herrera', '$2b$05$6bbbd8ESCRsmM9qNMgP7FehEI97oBCTildQkmpGrLIbv2k70anCt2', 'psicologasoledad.herrera82@gmail.com', 177, NULL, '15061607'),
(75, 'sergio.quiroga', '$2b$05$TDYiVBhs7xtyHxTPrN5I/ekcH4/TrTFTiYdQgTXZWsVz54FXUnH6u', 'sergioquirogac@gmail.com', 178, NULL, '13982603'),
(76, 'jose.rojas', '$2b$05$nidchLfsYweO4bVbB/Wiau3UNpLBC008J0VASBpzrRh2kgsoYQgPO', 'drjavierojas@gmail.com', 179, NULL, '23133871'),
(77, 'sandra.nuñez', '$2b$05$8VwCCOuDS8Sp0lekHTGFtuAWl3NTWSIMsQf0yQe3H1OwUEoiG9822', 'pameges@gmail.com', 180, NULL, '15061784'),
(78, 'mauricio.sandoval', '$2b$05$BJ3Xd/qH1bRtsXpY6rE4a.pmSufo3oIzXoOU/Ff/yE1YXrREixcKC', 'msandovalreyes@gmail.com', 181, NULL, '12304894'),
(79, 'karol.sanchez', '$2b$05$hbxF05MpsfIU3acxZfQV9Or/g3XPqUUkEuQ0hgK3eLjd6g7BXePGC', 'burbujitaz86@gmail.com', 182, NULL, '16201524'),
(80, 'magdalena.correa', '$2b$05$0zMFL7RRbLSb1T7AMbZOrOBsJBMru5Zkf8OhEDvdBXXwwZ4ru.uyC', 'liss_aranzaez@hotmail.com', 183, NULL, '12182919'),
(81, 'pilar.salinas', '$2b$05$zP8w8CiJPdtdM6EWKriMNe72vfw4JxSj2sWznsMKKZit0KYtw1hIq', 'pilarsalinas1@hotmail.com', 184, NULL, '17818624'),
(82, 'rosario.montero', '$2b$05$BmTna.5EiAFa1xvRTUK0zuAARs3JZOhMfu1F8.g0viOGiN6dCixky', 'monterosilvaros@hotmail.com', 185, NULL, '16713041'),
(83, 'daniela.cesped', '$2b$05$g2fTBwZTTWA1QN9fFYJSW.VAALIPZbIFFh50DFHiNAr2yHRt.6mry', 'danielacesped1988@gmail.com', 186, NULL, '16852598'),
(84, 'rodrigo.acevedo', '$2b$05$CvPsM/guD9mfr4yY2hmW0.DmxbKDRfFjUDWYa/nZujwgj.XW5CZVi', 'rod_acev@hotmail.com', 187, NULL, '17164471'),
(85, 'maria.espinola', '$2b$05$js8L.diC0W4X9HfE0nAPYOgJFVBy1.XXOKRPaf4HQg71gTYUW1u22', 'sincorreo@sincorreo.cl', 188, NULL, '15554636'),
(86, 'liliana.silva', '$2b$05$QPLzK3x3hQWbzWxliGazkObBw78cscO6jSS2LSwhqBBbI.4smjwJG', 'liliana.silva.v@gmail.com', 189, NULL, '13981547'),
(87, 'daniella.cortes', '$2b$05$ORaFLxGAcrGwfJ9n0g166.ycEA2yeEy2Wp19D.vOuqolu/t4GmHbi', 'corteslopezdaniella@gmail.com', 190, NULL, '15760636'),
(88, 'wilson.cos', '$2b$05$Obar/FgCG4UmHKAgBByzSe1aAUSmYEs1PwpJAk95Ore/M.OXAzHjy', 'wcos@codelco.cl', 191, NULL, '12567730'),
(90, 'evelyn.figueroa', '$2b$05$eUdh0KttfksibThjhT9mvO3ZhHk0aFKzX0MTOFeTJbqCgvVwcNspu', 'evelynfigueroanavarro36@gmail.com', 193, NULL, '10997417'),
(91, 'claudia.garay', '$2b$05$wHGuxUCm//PNs4mdxqoLGe9W4W3FRxN6WvCSx8fLUqzfyWOxUxBA6', 'claudiagarayv@gmail.com', 194, NULL, '12817700'),
(92, 'carolina.caiceo', '$2b$05$P6jz6CXfXilHcZrl.Uk9CO4FC/ioid6QjwjBF0hPbhXT/Tk6wZXHa', 'carolina_caiceo@hotmail.com', 195, NULL, '17818733'),
(93, 'paulina.calderon', '$2b$05$d4JMWX4tm7piM1LKrJWgBeRp7o52b1ddIrv4rE0g.Xm6yBaxJQpJW', 'paulina.alejandra.cm@gmail.com', 196, NULL, '17164178'),
(94, 'maria.manriquez', '$2b$05$XKJkVaFJOUrLnyn/3JaZ6Oh2CoePrua9he7weV/TID8pjgyycO1DC', 'pepamv@hotmail.com', 197, NULL, '13759425'),
(95, 'daniel.naveas', '$2b$05$dbXTu1t0DmAAScfJyts9x.w3hE3bhpM0yh221RiuubDK/S6kPslVW', 'd_naveas_e@live.cl', 198, NULL, '13184512'),
(96, 'carla.nuñez', '$2b$05$XK6rtpj26jDRt2u4i17zg.mefUC8hA5n5vZDc54v9sZrTewg.SkNa', 'carlanunezz@gmail.com', 199, NULL, '12579158'),
(97, 'lorena.inostroza', '$2b$05$qYbp4BCNfgyzu3e/146VNOF8aLUtSP7Kf0iRjMRKVR.lcozwtk6gW', 'lorena.inostroza.inostroza@gmail.com', 200, NULL, '15582345'),
(98, 'reina.pinto', '$2b$05$.SqYAsHxtCpUL6aXU3IR2e.KXc3L4i0.sueFa8Zc/4NzqCnMAOrkW', 'alaicepv@gmail.com', 201, NULL, '16145252'),
(99, 'fabiana.olivares', '$2b$05$Ty.A2MyicR45ZsCw2e3HR.KLoAOinHcx9WRpy1TLf5xJpFAFVe48S', 'fabianaolivaresb@hotmail.com', 202, NULL, '18996435'),
(100, 'daniela.pacheco', '$2b$05$QFTghQ9.aBHxU3NHbdsPq.8mSWD6qXS6sPpHW3YUlBKvvNYyXFlQq', 'danielazairap@gmail.com', 203, NULL, '16333201'),
(101, 'jorge.valenzuela', '$2b$05$vEoBH4qIc9Vr73kkk8zW2un00L2PjtRbPtISxkyI3CJmyUSTpERXW', 'jvale050@codelco.cl', 204, NULL, '13140789'),
(102, 'katterinne.aravena', '$2b$05$7yEpwlgeXhGsK20EkQ9aMedu5L2eY3KLGNmum.vnjrRv72PPlxuQi', 'k_aravena_o@hotmail.com', 205, NULL, '17413757'),
(103, 'barbara.araya', '$2b$05$H5al5QfM.mb6GR3sPtmxZuqh55iRwJoB8HOBKxtYl3gjTQTW.gck.', 'bar.aarayac@gmail.com', 206, NULL, '15028759'),
(104, 'claudia.bertran', '$2b$05$V/Ra1d7z21fgLzzW6y8lle5hZGdYu3P0hQFxKQb2UBRg8eiU9YpW.', 'k_aravena_o@hotmail.com', 207, NULL, '17413757'),
(105, 'constanza.murúa', '$2b$05$/uyZc0Ai3BHvaaJLb3Df2OeSvNPB./Wc/Gr9Y7qJD7H3/3VAcidzu', 'constanzaf_murua.s@hotmail.com', 208, NULL, '18113451'),
(106, 'yanira.corvalan', '$2b$05$Gzb0Wyija6wgc81A8kwtl.A/GWKRhXlcQg9TmlO/Y60.iKFKdNxyW', 'acorvalan30@hotmail.com', 209, NULL, '18384817'),
(108, 'oscar.rodriguez', '$2b$05$xIAw1Xoxq0Zfu0jD0a6DyOdvs950k9A9ItQJ3vrkoVYp54gIpJIGi', 'orodriguezf81@gmail.com', 211, NULL, '14165473'),
(109, 'camila.muñoz', '$2b$05$lOPFtnoARCljGr/XkwLAYe9rPCF8Hdqpz.xsIrbEY/pqTGyygV5KK', 'cami.261506@gmail.com', 212, NULL, '18680618'),
(110, 'jocelyn.astudillo', '$2b$05$fp9PW5dly4UviO7gRbiyMOwmOvqMmYARDX9Hs0fxNbReDfEC4FL8a', 'yosiastudillo@hotmail.com', 213, NULL, '16111236'),
(111, 'karla.torres', '$2b$05$9bS4Fvk6lUcGMnrv7eiMAu7KFkhtjGsFYAwmGEs97dzKxoiiax/C2', 'karla_0308@hotmail.com', 214, NULL, '16306696'),
(112, 'maria.bravo', '$2b$05$kO0f/8OKUq/kpWXYx4KosewaRKUEIsEWv/0aU8QYOViTentm3B68q', 'mariabravo131@hotmail.com', 215, NULL, '15818487'),
(113, 'claudio.avendaño', '$2b$05$BH1t580KvH4h2VpuvIoJG.Ov8PjRi6eQRnCyiFQcN11adRz2JiLcC', 'klausav@hotmail.es', 216, NULL, '13981878'),
(114, 'claudia.navarro', '$2b$05$K2zz3gdIuXKpQTQMhT/nWOZoGHdAkpU/EMOfPFQ86CYv7G.tgE/SC', 'claudianavarrocabrera@gmail.com', 217, NULL, '13828600'),
(115, 'digna.pizarro', '$2b$05$J1/YVvtqntZ/Vj9EYAM.MOffFfFAO8ghZ5DPeuurghGcPC/RKV4pC', 'dpizarrom@aduana.cl', 218, NULL, '13539234'),
(116, 'nazareth.arenas', '$2b$05$ZEQipDZlxbWG91m.VacX7.lihc8BSQc.VGbgyaC2ReN54LIKnoWUa', 'nazaretharenasalbornoz@gmail.com', 219, NULL, '15510731'),
(117, 'tamara.muñoz', '$2b$05$fjD5jIEtZKSNSm49recgdOPsE.fGpczT3PznZhVPr3YTKBaZREAkW', 'tamunoz@hotmail.com', 220, NULL, '16334810'),
(118, 'alejandra.salinas', '$2b$05$y2wgq.EoRKpyP1K4EfPeW.8EmfbcYqfhJZyIxUKsT52v390/I/twq', 'ale.salinas.lobos.75@gmail.com', 221, NULL, '12718608'),
(119, 'ximena.carvajal', '$2b$05$jza7bl.fNfU0aF5QCdY5ze/AVV9P9YVbBmwbgVxC/j/.OkgCqqiPa', 'xcarvajal@munilosandes.cl', 222, NULL, '13538867'),
(120, 'karin.moyano', '$2b$05$RE70w9Ysk6xbSPgNKnVpq.b/nUnlA23A1BOhhGfwKstQODYY/KiOW', 'karinmoyano@gmail.com', 223, NULL, '13827084'),
(121, 'jeannette.pendola', '$2b$05$WqJNHy3BHdgxX3AnD/69I.NqVwzeRFUcVbnIX9/XTuoiQ9JDrM.i.', 'jpendolaa@gmail.com', 224, NULL, '13541910'),
(122, 'yesenia.navarro', '$2b$05$P.9UjFudNTznPRDpI6HvmueN3QQOzgY42wZCg6ooc0BbZm4dAsOl2', 'yeyelinda25@hotmail.com', 225, NULL, '15060749'),
(123, 'osvaldo.martinez', '$2b$05$E445b6edC90rCBLDgTjuQeFET24PpLyrNiNNQ1LpMO9CDa9Zt1qQ2', 'osvaldomartinezcc@gmail.com', 226, NULL, '16851501'),
(124, 'noelia.ponce', '$2b$05$bIOcTjLAoD8Q.QXQu4S44.LOULLjvxOu/OTPfFCOb63GJTlVDlyym', 'jose.pandolfa.s@gmail.com', 227, NULL, '15060841'),
(125, 'claudia.lazcano', '$2b$05$KRczTb7vtjLzuG.yXjcVJuvBxSrims8taFjub5I8GptXmOUynLJHa', 'civonnev@hotmail.com', 228, NULL, '16550305'),
(126, 'ricxi.vasquez', '$2b$05$yD4K5dyCmiXnXP4ghaFn5Oqfg7bAZ17O.ho6ej2Hd/qoVmEvccsUy', 'ricxivm@gmail.com', 229, NULL, '17468736'),
(127, 'claudio.salgado', '$2b$05$yAeqJ40K2wfSCKsU/UsAQObBESs0LiekXvpvWbdbtz7HUd.lKk7rK', 'claudiosalgadocarvajal@gmail.com', 230, NULL, '15092052'),
(128, 'daniela.henriquez', '$2b$05$22gifOwOonYqr4voATVDXutiINKn3mljA7D88ssJs.78oTLFyeJ2y', 'daniela-ht@hotmail.com', 231, NULL, '16852503'),
(129, 'vivian.candia', '$2b$05$za7dWPDrWDH0XezgaB.YhOupLGW.NrgvYyBhlJ9wV.79hIy.Sl5TW', 'viviansolca1105@gmail.com', 232, NULL, '13281686'),
(130, 'jocelyn.gomez', '$2b$05$B6mNxMzzxNiR/bsIq2O24e7RgTaoSAgCsRWsAFFYq73kbQeE1vcZu', 'jocy234@hotmail.com', 233, NULL, '15870303'),
(131, 'andres.cofre', '$2b$05$8huNERhbpvfU8tcFfWLAtOMPf5JZHCxaWzrJVXKLP2yg4xwszAZxK', 'andres_cofre_20@hotmail.com', 234, NULL, '13145240'),
(132, 'ana.manzur', '$2b$05$0ETr9wbZ0jrTfLzeVfBOwerKGJgg/Nz0JEEGFC4BDuvlHLO/CPzA2', 'anitamariamanzur@gmail.com', 235, NULL, '16027286'),
(133, 'yasna.alarcón', '$2b$05$JCchcYya7ozeYGKh6W6oWe7Co5YI68zMUd0Ho63PoarYHudTcWqBO', 'yalarcon@munilosandes.cl', 236, NULL, '15616770'),
(134, 'karem.carvajal', '$2b$05$nk9bjnGX5g/4l8P16hjOLem2JbFo2FClW0md6UA5yzp28QMjfU31u', 'karemdaniell@gmail.com', 237, NULL, '13979983'),
(135, 'magali.alvarez', '$2b$05$pbjJZN7FJOhRiBe7Yj32F.JiYtB9FR4pO4q912yh3xFYeobTSZBJC', 'magalialvarezsaez@gmail.com', 238, NULL, '14660856'),
(136, 'magdalena.segovia', '$2b$05$WBIUZBD8.2HJY9VSznMtR.apfXH9JsUpu5HUbSqnKtE2HThjrd6Ty', 'mnoemizgodoy@gmail.com', 239, NULL, '13979127'),
(137, 'manuel.torres', '$2b$05$0vRaHT93UtKZTac3uVc1I.VkUFrvN2Po29p0Ybs4en3gKHY6FvQDW', 'manuel.inf@gmail.com', 240, NULL, '13431509'),
(138, 'francia.avila', '$2b$05$EEQwd/xuDhaFGm7ravDgf.DlfdmvsNITqFVam8nnDV3Nos1SeDdLy', 'panchor34@gmail.com', 241, NULL, '18680238'),
(139, 'carolina.amar', '$2b$05$A2efYxM0h9cmmSGJPKavP.CNSWPvJfOUk4X74PbbPeLBkzoAJqRjm', 'caroamar86@hotmail.com', 242, NULL, '16333511'),
(140, 'jaime.andrade', '$2b$05$06AoEELqM0DO6wgrW2rIZeuKLyzHLkJFhzOMCB5plmn6WPW8x/T3W', 'profeandrade@live.com', 243, NULL, '13982660'),
(141, 'romina.reyes', '$2b$05$59ibXP0Dn70JTzGpDMylTeFUzCPBUvtf6GYAREl3ASKUbcRSmRXP2', 'yazzyrryromina@hotmail.com', 244, NULL, '16851971'),
(142, 'carolina.rivera', '$2b$05$755cYCbK3xvH1Cw07Gs20ei8qXxdoHEOqZoyS4CELgoIx6/RVGMCW', 'francyrenatob@gmail.com', 245, NULL, '15061194'),
(143, 'evelyn.astorga', '$2b$05$.DhOksibTRSqlR9VslbBx.L0k8YjzxnVjBdX3YFyrO/9caEN0QyEC', 'eveastorga@gmail.com', 246, NULL, '13827890'),
(144, 'romina.osorio', '$2b$05$EudgmdfsKCYoSjRvxbGmou8pg8OKo3k9cJIompXYEF2yaZXj44YKu', 'osorioromina1987@gmail.com', 247, NULL, '16551076'),
(145, 'paola.herrera', '$2b$05$GhgZD4iS.RWO8vpcTfxKgOISuWg4PNaLO0oiFZmT7HFwkoS1bDoK.', 'julieta2012.d@gmail.com', 248, NULL, '10965644'),
(146, 'fanny.lemus', '$2b$05$IyFbMLcIx/icpp65hxp2Hu70P1GFLJQgiEG3w0.XAc.jkHx/N6num', 'lemus.fanny@gmail.com', 249, NULL, '18113868'),
(147, 'sikene.maldini', '$2b$05$/sjnl9WX1gBzJ4.rNlL1eu/sRaNDKrf3cHSOUNIq6jun9lbVjIvWO', 'silkene@gmail.com', 250, NULL, '15818319'),
(148, 'karin.muñoz', '$2b$05$SDMO5HZCM1fMGllAVHmJ0eKs2iJydWJW8JYvU9hb5N1cjYYxmsAuO', 'karinmzt@gmail.com', 251, NULL, '17033237'),
(149, 'karen.lecaros', '$2b$05$oDvSYtndyas4BRzptSGQcOMuehzIiOK17x7dQa0DrUC6YQgnDfbVO', 'karenlecaros@outlook.com', 252, NULL, '17972300'),
(150, 'oscar.leiva', '$2b$05$ckx0CCCQh2Wi/hEPgafXdOa9pxfm8XkjPpKoMew0VnEcVltrVf6ni', 'oleivacar@gmail.com', 253, NULL, '13225494'),
(151, 'laura.gonzalez', '$2b$05$5w8N4uvYw.6lpqRCFk.dYe7KECRrhrl8eUUfKm.PnnT.PLswSaB2m', 'lauragonzalezv27@gmail.com', 254, NULL, '129501464'),
(152, 'maria.vargas', '$2b$05$6xSYgTTzNdPSKMVncpN.weTS0ietgdaHN1S8uxw9zFoUWi0swu8SS', 'manevergara129@gmail.com', 255, NULL, '17164267'),
(153, 'carla.orellana', '$2b$05$Rwbpisk9IcyynI/QU5X8..dF6rScRYs7UW11UyHvKRsXVP24Sffqa', 'caorellanacor@gmail.com', 256, NULL, '16381171'),
(154, 'camila.rivera', '$2b$05$TDqZ0/42gp61TzTv4jWb5uGL2oQJAhGDJIdFJwbu0fzzMf9FusBum', 'carivera_u@hotmail.com', 257, NULL, '16917531'),
(155, 'romina.herrera', '$2b$05$OcnBNtEbTzAqu.oCK5CP4uuEwGSRGQeMTNXevvuenkAMILT8C1Yh.', 'rherrerasanchez@gmail.com', 258, NULL, '13539044'),
(156, 'victoria.briones', '$2b$05$JQks1ef3F4w6pz3JiKT9lexkoYCwMPvgmH40PbrfhW03h8JmYb6X2', 'victoria.abb.edig@gmail.com', 259, NULL, '19581461'),
(157, 'patricia.torres', '$2b$05$gg5t9vbpPWy4zqI2635wF.Sihz8DYsVoviuO7fFkczEJrOB11g8pq', 'biadato10@gmail.com', 260, NULL, '13363118'),
(158, 'waldo.bruna', '$2b$05$inJoPXWcctSCnL1K6fHG..4vqFgstswimmY92i3jy5du0EyLQAJAK', 'waldobruna@gmail.com', 261, NULL, '9468885'),
(159, 'teresita.uribe', '$2b$05$IDyfYouBTwc/zl2zVjqIsey6pUG9UEE7Wp4wC9AHQNwfYZIGlvwC2', 'teresitauribe2014@gmail.com', 262, NULL, '17469653'),
(160, 'sara.ortiz', '$2b$05$Qy3HDbrvK.xfjeHOdCAqJukzO7MOOc66WhqE/e83KlbAbutGYHr.m', 'saraortizvillalobos@gmail.com', 263, NULL, '16816334'),
(161, 'pedro.henriquez', '$2b$05$IXjBpd2KMIv.poUoMA50pOQBJHzt6d/CQgRhZ187/qHPdLuhPdEnO', 'pedro.e.h6@gmail.com', 264, NULL, '16027158'),
(162, 'gloria.huerta', '$2b$05$CiqlKzSce8.cYgNIHdOd7Ol9p3K5sIDPUrKFvpiAYsELWcUZAqsC6', 'gloriahuertaoyanedel@gmail.com', 265, NULL, '10672500'),
(163, 'johanna.campiño', '$2b$05$q.QLgjcQOiW2l1xlILULxe5pr0a0jja4DPfuo3hY2zRd8rZKaKgHS', 'jhoanna.campino2006@gmail.com', 266, NULL, '27858176'),
(164, 'esther.tapia', '$2b$05$IT4LCmHz4dL/NNOb1sU83OHD764N1aLlWZNQ/boTf.bjzTvhW.r8m', 'esther.tapia.auditor@gmail.com', 267, NULL, '15554849'),
(165, 'marcela.lopez', '$2b$05$5GT3qa9IAH7CiYLD16TWxOLY.Fu60Qmk1SDlz1pMkZZoooBnrYap.', 'marcel.del.carmen1975@gmail.com', 268, NULL, '12718566'),
(166, 'yohana.vergara', '$2b$05$vZ9DVV2ObSN0e1CcDSycd.EzwSoyPupGV2hJ9P4.oQaictuqt1JK6', 'yoversa@gmail.com', 269, NULL, '14304805'),
(167, 'abigail.delgado', '$2b$05$LxItDd5etR17x50QA6IpVudBpLRhWLiUWY6rgSHCxjuvHxfez4Y82', 'abigailiuto10@gmail.com', 270, NULL, '18113874'),
(168, 'leticia.contreras', '$2b$05$Td5s2ICbYcv.Jbv8E.MXgu.Ai/0YdLFnPjJrp9hFIi8X.VsGpHXii', 'leticia.contreras@live.cl', 271, NULL, '17468879'),
(169, 'lissette.aguilar', '$2b$05$47fLYeVXSJi5oLd20N.9G.oVYIwVsl6aNFvTt9In0v2joPrYhvPPm', 'lissettecarola.aguilar@hotmail.com', 272, NULL, '18130784'),
(170, 'luis.sepulveda', '$2b$05$WFHJJubeGBKhIJxXbMKyo.FLoQk.E75DLzyJ/e9ZpnhyNf1TosScW', 'luis.sepulveda1@gmail.com', 273, NULL, '14034617'),
(171, 'blanca.pizarro', '$2b$05$S0UtTg7fVhEZj0uz9nWviOrzaCdJ35TbyHxZDs0sRzyw78XZrne3e', 'blanquita.pizarro@hotmail.com', 274, NULL, '12950432'),
(172, 'claudia.toro', '$2b$05$Jet1Jq5/Y4wGy94RcpZKmeEk4FOdSWoJiVZ.887PWBXD0C8fNlGoS', 'claita2153@hotmail.com', 275, NULL, '15818299'),
(173, 'pamela.salinas', '$2b$05$k1LHRGr/HpA4HSgXSispgO/f3AO6NaBDflyiMnffESP3NuegnkiJW', 'salinas.c.pamela@gmail.com', 276, NULL, '12018447'),
(174, 'claudio.astargo', '$2b$05$pkgSIFJij482O6uHhihjheUWir5rCdOLbz4Xi.UkxwvbG3AX9XIXu', 'astargo.t@icloud.com', 277, NULL, '9291698'),
(175, 'judith.espindola', '$2b$05$p3augrKXLy1u.nQlVxs2COx6OdQL.h7MXxZWDN1fZVOU/ZG9i4ISq', 'yudyespincar@hotmail.com', 278, NULL, '10034474'),
(176, 'magdalena.rivera', '$2b$05$JRM5Mrdb990vR6/lzmYZJeB6f98INe.yrILgSuK/SjFrQR/hx6n02', 'magda_rivera.2@hotmail.com', 279, NULL, '18217988'),
(177, 'johanna.donoso', '$2b$05$222koUrGPrZsqZYOkdvtUOD51mPCElyJ0EY7DEaCPSHjbujLpy2/q', 'joha.donoso.b@gmail.com', 280, NULL, '15960569'),
(178, 'laura.pizarro', '$2b$05$iVZPFgr.Uy7DiVgkc4P0dOP7GEt9yqDAIeyzzNDw07avwehYY5Vwu', 'laurapg.pizarro@gmail.com', 281, NULL, '17950042'),
(179, 'maria.castro', '$2b$05$Zwt1OgDj5AYYJ1m0G2EghejM9eulfKKiHQerQ64J/88cELkj4VXda', 'ale.castroastudillo@gmail.com', 282, NULL, '11730326'),
(180, 'hernan.meza', '$2b$05$OBbsS41Db0kfV2YzBCB0fezD8SEov2eDtjGMsDCsV1Gz8uLmAn8/i', 'hmezat@gmail.com', 283, NULL, '12632148'),
(181, 'david.olivares', '$2b$05$r3nSaY0BPzik2so2IiiNduz9xgkGXI51o7Uo.p9.z0XGi4x1JVRR2', 'davidolivares.instaladores@gmail.com', 284, NULL, '15060808'),
(182, 'shirley.villalobos', '$2b$05$bsWBtXZj1RQpyUfOKUxqjeTXVmx9s7cTGDwg3CmkDjnVNf3.bVPdG', 'shirleyvillalob@gmail.com', 285, NULL, '14348405'),
(183, 'daniela.jorquera', '$2b$05$vWNesb29YM3ENgpk/oBZMO6JHSNPELw/VsT0.P0fkqq4zUPSjmEuS', 'danielajorquerafig@gmail.com', 286, NULL, '17163629'),
(184, 'violeta.vera', '$2b$05$iJomn..VNwhSfV5ajwk.vuDzZN5zkTTLrr6HMQL51yTHLwLQJtJ1u', 'vvera81@hotmail.com', 287, NULL, '13981971'),
(185, 'virginia.martinez', '$2b$05$IrqnUhrXpxbasdr4iz9qLejHOgOpwuHDMF50VNcR6N.r60N/wrkXa', 'virginiamd@gmail.com', 288, NULL, '15555402'),
(186, 'inguebor.zamora', '$2b$05$Y1oXsihg5aNRAnRQMS2n4.AMjxnD03d7RIm/AX9UYr9e7uCPzZ/GG', 'azamoravergara@hotmail.com', 289, NULL, '15060001'),
(187, 'juan.videla', '$2b$05$h8PPdZT9uBQoP9PBJFtjUOit.qCAJ0sxvyonJC1JvOPCFNc2IpRx2', 'juavide65@hotmail.com', 291, NULL, '7485564'),
(188, 'raul.aguilar', '$2b$05$SpoSq.UgfesQJkDpMWf9iObfE1qXQG1zVEOnVpuFC0hGIoygJBS0e', 'raul.aguilar8510@gmail.com', 292, NULL, '11731085'),
(189, 'adriana.bustos', '$2b$05$jrav.1V6xUgafvkMzTI9l.NxvEqly/MAjIc67cUxbZP.F6Pq32yIy', 'adritrabsocial@gmail.com', 293, NULL, '11517500'),
(190, 'cristian.araya', '$2b$05$L1HqETk7rVjmD5l5NdbRd.RRKanyzBG0GuzvI7Aq58VARUk9GuC/K', 'erikamdonoso@gmail.com', 294, NULL, '15335663'),
(191, 'marlen.estada', '$2b$05$a3fKyn9MtpyQDoSqoc7JSe13BqGQdZxh6fSzXYwQyqj03c/lNwXbe', 'marioascui@gmail.com', 295, NULL, '14165873'),
(192, 'ana.figueroa', '$2b$05$xxTxz5FOzXKzn76Cqzo2zeZGnyobcRAxEG1pf1uRQV2He/37o7MVC', 'pfigueroa05@gmail.com', 296, NULL, '15554643'),
(193, 'yohana.moya', '$2b$05$24wNpnC5IiwrrsX0lf3tS.lLPW2AwdUsOt85WM8cMkq91jxtlpzgC', 'ymoyacisterna@gmail.com', 297, NULL, '15698050'),
(194, 'lorena.aguila', '$2b$05$ls5z2z81AqZWaKsQRC40uuzDzMYraLKLS3TBbBXzh4hZYIvJ6a0bq', 'laguila1278@gmail.com', 298, NULL, '13485156'),
(195, 'maria.navea', '$2b$05$Ib6SzMUMLI1IeQhRLPzQ3O2gv81daKe4.AWQ6xgHToCbF.9W4nYZy', 'marianavea.cach@gmail.com', 299, NULL, '17163932'),
(196, 'katherine.fernandois', '$2b$05$025IP4jHqwoNfxN0nMlCuusg4N60VinpkXUUarmMhp0K4UW8w5/B2', 'kfernandois90@live.com', 300, NULL, '13021284'),
(197, 'carlos.leiva', '$2b$05$GfWHfk1fAkcBgsrdTOWdbuQ6kSGafMsufWu6UWlM7jfp7l6xJheLS', 'cplmadariaga@gmail.com', 301, NULL, '10655198'),
(198, 'nancy.ramirez', '$2b$05$VWzj921UB/ZhC.V5/UMrv.WVPPdLatlpFWDRxsVx/sapObav3wvem', 'silvanitaesperanza@gmail.com', 302, NULL, '12950292'),
(199, 'paola.almendras', '$2b$05$waGWMie.svM8ObPpmyWAgOxYvFaIZ6LEJXvNN25q9b3y9Oa9BEWxu', 'pola_138@hotmail.com', 305, NULL, '13802007'),
(200, 'karen.liberon', '$2b$05$qrs4YcqPNQRCvJamxwVpK.nboix4XHlvo441gBaquqq17CNnPGnxi', 'karen_71081@hotmail.com', 306, NULL, '13982148'),
(201, 'vivian.castro', '$2b$05$qvQCoWNogmeU8xXCSoeYcOeBJXf2tRmEuYx9euV6mxCTd7GJMeqYO', 'vcastro@ptla.cl', 307, NULL, '10012944'),
(202, 'carolina.cesped', '$2b$05$q0evjDmhdwV3KylA1nfM9.EAT1ZuVWDw7jeAl8cTXxDQS9DNLntLO', 'carolina.ces.g@hotmail.com', 308, NULL, '13981497'),
(203, 'david.valencia', '$2b$05$ZJRA2aOZ3lXpmBVjIuH6rOh2lM21tFXm0rTMQLtR0mlxVekyhE73m', 'dvalencia.araneda@gmail.com', 309, NULL, '13265453'),
(204, 'guillermo.vasquez', '$2b$05$07O3qvLYhURZAnSVqKvwE.lJh4JxRvlHWhAiTlEfuoEGsV1W4tbRC', 'guillermovasquezpastran@gmail.com', 310, NULL, '10073977'),
(205, 'marjorie.bugueño', '$2b$05$wiy/UinVb9TCxhW8PxN9wupS2bnabcD/cYK2Xyc5dM.vuTjcSGcse', 'marjoriebugueno@live.cl', 311, NULL, '18113153'),
(207, 'omar.guerra', '$2b$05$E7pNfBLdoWO7CDBh0qH8DOzUfYlNOA6U7WVEDvk4CCv/7KHvNiIuy', 'omar.guerra@outlook.cl', 314, NULL, '18679870'),
(208, 'karen.diaz', '$2b$05$Os7JiVgJ8D.mGHE6oNEUqO21B27KUOMa5G4btyh7HopRVuoALGIBO', 'karen.d@sienal.cl', 315, NULL, '15870352'),
(209, 'usuario.prueba', '$2b$05$9v1Tm3HXO0FvGsEX.X3sMu129QE02mqxtlU5cYhPmdx0l22jgx7NK', 'user.prueba@prueba.cl', 122, NULL, '18679871'),
(211, 'daniela.pueyes', '$2b$05$m9dcSxZF6AL2QleKe6VQ7uTHPZHDqdopLOLq3miHYiW.aAljhQBA2', 'isimolp@gmail.com', 317, NULL, '16852457'),
(212, 'francisca.aburto', '$2b$05$xQW8IM2AV73ZVRAjV.waT.x3LhdohZtZDaBI5foim1ux/ilMjrT92', 'franaburto.villalobos@gmail.com', 318, NULL, '17818728'),
(213, 'alvaro.ayala', '$2b$05$fbVa4WAOtDOUEpfVNiILBO19rj6tZzHw8yuOg4u2pGSl7qmR0qUli', 'franciscacabrerafaundez@gmail.com', 319, NULL, '15061860'),
(214, 'camila.pacheco', '$2b$05$TZ9IZtLMk8aRu2wxRd9uOOyJPvSaNAngZKZ.wQfUKff51Dz.cIONe', 'c.pachecoosses@gmail.com', 320, NULL, '17971912'),
(215, 'mauricio.gonzales', '$2b$05$wticIqpS64R/l8yGVlxgXOWc.rItQIKFFiI8rZxTbu/.tGx74bDii', 'c.pachecoosses@gmail.com', 321, NULL, '15555082'),
(216, 'lesly.roldan', '$2b$05$2XoUXuZtMUuwFJftPfUChOHmC4JOE1WkGXQuLws6K51FeMNeSTnO6', 'leslyroldannavea@gmail.com', 322, NULL, '17468435'),
(217, 'maryan.herrera', '$2b$05$BQukvnOsu3DkTbGvx.6c6OswEM3NrrzpfKMoz0qCOtQySgOrDzb0S', 'maryanblh12@gmail.com', 323, NULL, '17163983'),
(218, 'marcela.lobos', '$2b$05$E3COjX9H5gyMhwztzBCHd.NHuDRb39832AqksjX34CNqqy30ZCEY6', 'marcela.lobos.c@gmail.com', 324, NULL, '17469313'),
(219, 'antonella.herrera', '$2b$05$85V7Y1pTy0xHTMc7oZLNYehhh.slJ.KS82tEioOAZ0Stg5Mrv3nGu', 'aherr005@gmail.com', 325, NULL, '17163849'),
(220, 'karen.cataldo', '$2b$05$t4vo2C9Uw9Ai9F.jN/KTGenYAR4K6bqX0wAjn5daW977PSLkBXaFC', 'k.cataldo23@gmail.com', 326, NULL, '13362782'),
(221, 'carolina.huerta', '$2b$05$uzxUJBb7M3ZRQfLlhipqiu9f34c5vauU/05tauPb4rAejcxu.gOnq', 'huerta.carolina22@gmail.com', 327, NULL, '16852023'),
(222, 'hortnesia.otarola', '$2b$05$ZjFESr/sCpULhpqOiP70IeBujDQWaAEjyHMFOM1UmwlLy.INtGjLm', 'hortensiaotarola@gmail.com', 328, NULL, '11944689'),
(223, 'gina.mora', '$2b$05$Zp5fCFFgbqC6D1doPjLO5e3TUGojEN1VTgWTgtTXWqL7BaB3/XdZa', 'gina.mora.gm@gmail.com', 329, NULL, '15555440'),
(224, 'veronica.saez', '$2b$05$fA8VeaDvh8CInFrB3ZjlTOeVIXZFEkKjOYV5M65fpbIVu7eVH177S', 'veronicacsaez@gmail.com', 330, NULL, '18122747'),
(225, 'maria.quezada', '$2b$05$yklK./pOw.2e2SX80Lrp9u3dsANZWqAXIkQMTw52e8eq/Fd4uit2G', 'ocepejop@gmail.com', 331, NULL, '13827149'),
(226, 'denys.fernandez', '$2b$05$LifGjUb1nOnfJQ0ixw6F4eM5Y6ARow27RYLZr0kktK78a.MZgX79.', 'denysfc@gmail.com', 332, NULL, '12774900'),
(227, 'claudia.saavedra', '$2b$05$cumS5lPSoQFkqDhM2RrFb.iCKDgDGeQdupyPs8kPge/ZIcquIAgUy', 'valentina.gallardo.saavedra7a@gmail.com', 333, NULL, '12817836'),
(228, 'jeannette.toledo', '$2b$05$jxGIluItfpJh11817sDLX.LvLDmTUCEiEGWaUvR442J/2wOajHtnW', 'japo.toledo@gmail.com', 334, NULL, '12817237'),
(229, 'jesus.herrera', '$2b$05$0QWPMYKJIp6Va5wOrD7m2OpzxUt1759YUhtb0pl7CgZS1Mv4i2o6i', 'jesuherrera@gmail.com', 335, NULL, '14357096'),
(230, 'luz.caiceo', '$2b$05$rxjl7WSkOzZJtEiejcXVOOi/C7LXf6.ej35pXg7481KUQDP5/gS2G', 'yallitadecora@gmail.com', 336, NULL, '12950450'),
(231, 'sindy.gonzalez', '$2b$05$m2a4NVfyoRQJy3n5/pe.decmeBNAOWXC5pIPsTN2CfLESKdPg2ASe', 'sindygonzalezhormazabal@gmail.com', 337, NULL, '18112900'),
(232, 'yesenia.miranda', '$2b$05$1rKQ3mWvezIj9B2HdckGJuZEebSa/ue0d8Kn.bFhqO/4m7cm4cEcS', 'yeseniamiranda83@gmail.com', 338, NULL, '15554795'),
(233, 'daniel.villalobos', '$2b$05$SlJC6QH8gHU06wBF9OL6p.TEtCsQWWh3ajtFBUc6/mXkF8MZZryh6', 'villa.kdh.2010@gmail.com', 339, NULL, '17212794');

CREATE TABLE `usuario_roles` (
  `usuario_id` int(11) NOT NULL,
  `role_id` int(11) NOT NULL
) ENGINE=InnoDB DEFAULT CHARSET=utf8mb4 COLLATE=utf8mb4_general_ci;


ALTER TABLE `apoderado`
  ADD PRIMARY KEY (`id`);

ALTER TABLE `apoderado_direccion`
  ADD PRIMARY KEY (`apoderado_id`,`direccion_id`),
  ADD KEY `FK_ddfa9616f04a19efe7ffa970bf7` (`direccion_id`);

ALTER TABLE `apoderado_estudiante`
  ADD PRIMARY KEY (`apoderado_id`,`estudiante_id`),
  ADD KEY `FK_0c6364a218d64c5ac0bf1deaae7` (`estudiante_id`);

ALTER TABLE `boleta`
  ADD PRIMARY KEY (`id`),
  ADD KEY `apoderado_id` (`apoderado_id`),
  ADD KEY `pago_id` (`pago_id`),
  ADD KEY `estado_id` (`estado_id`);

ALTER TABLE `ciudad`
  ADD PRIMARY KEY (`id`),
  ADD KEY `FK_f499778b6705a25ac98b4db15b4` (`region_id`);

ALTER TABLE `curso`
  ADD PRIMARY KEY (`id`),
  ADD KEY `FK_99b7e4d6c8dec8602a0cb4af327` (`profesor_id`);

ALTER TABLE `direccion`
  ADD PRIMARY KEY (`id`),
  ADD KEY `FK_540f5e5d4812571dc93cc9167e6` (`ciudad_id`);

ALTER TABLE `estado_boleta`
  ADD PRIMARY KEY (`id`);

ALTER TABLE `estudiante`
  ADD PRIMARY KEY (`id`);

ALTER TABLE `estudiante_curso`
  ADD PRIMARY KEY (`estudiante_id`,`curso_id`),
  ADD KEY `FK_6847c2a98838e626250445e4a96` (`curso_id`);

ALTER TABLE `pago`
  ADD PRIMARY KEY (`id`),
  ADD KEY `tipo_pago_id` (`tipo_pago_id`);

ALTER TABLE `profesor`
  ADD PRIMARY KEY (`id`);

ALTER TABLE `region`
  ADD PRIMARY KEY (`id`);

ALTER TABLE `roles`
  ADD PRIMARY KEY (`id`),
  ADD UNIQUE KEY `nombre` (`nombre`);

ALTER TABLE `tipo_pago`
  ADD PRIMARY KEY (`id`);

ALTER TABLE `usuarios`
  ADD PRIMARY KEY (`id`),
  ADD UNIQUE KEY `IDX_9f78cfde576fc28f279e2b7a9c` (`username`),
  ADD KEY `FK_6ea81f7ee7b1104d4bfbfe32ec1` (`apoderado_id`),
  ADD KEY `FK_70a25c022ef94e09f2bac2ec9b8` (`profesor_id`);

ALTER TABLE `usuario_roles`
  ADD PRIMARY KEY (`usuario_id`,`role_id`),
  ADD KEY `role_id` (`role_id`);


ALTER TABLE `apoderado`
  MODIFY `id` int(11) NOT NULL AUTO_INCREMENT, AUTO_INCREMENT=340;

ALTER TABLE `boleta`
  MODIFY `id` int(11) NOT NULL AUTO_INCREMENT;

ALTER TABLE `ciudad`
  MODIFY `id` int(11) NOT NULL AUTO_INCREMENT, AUTO_INCREMENT=265;

ALTER TABLE `curso`
  MODIFY `id` int(11) NOT NULL AUTO_INCREMENT, AUTO_INCREMENT=15;

ALTER TABLE `direccion`
  MODIFY `id` int(11) NOT NULL AUTO_INCREMENT, AUTO_INCREMENT=6;

ALTER TABLE `estado_boleta`
  MODIFY `id` int(11) NOT NULL AUTO_INCREMENT, AUTO_INCREMENT=4;

ALTER TABLE `estudiante`
  MODIFY `id` int(11) NOT NULL AUTO_INCREMENT, AUTO_INCREMENT=430;

ALTER TABLE `pago`
  MODIFY `id` int(11) NOT NULL AUTO_INCREMENT;

ALTER TABLE `profesor`
  MODIFY `id` int(11) NOT NULL AUTO_INCREMENT, AUTO_INCREMENT=17;

ALTER TABLE `region`
  MODIFY `id` int(11) NOT NULL AUTO_INCREMENT, AUTO_INCREMENT=33;

ALTER TABLE `roles`
  MODIFY `id` int(11) NOT NULL AUTO_INCREMENT, AUTO_INCREMENT=4;

ALTER TABLE `tipo_pago`
  MODIFY `id` int(11) NOT NULL AUTO_INCREMENT, AUTO_INCREMENT=5;

ALTER TABLE `usuarios`
  MODIFY `id` int(11) NOT NULL AUTO_INCREMENT, AUTO_INCREMENT=234;


ALTER TABLE `apoderado_direccion`
  ADD CONSTRAINT `FK_c56af682c7fc09ceec14ba06ed2` FOREIGN KEY (`apoderado_id`) REFERENCES `apoderado` (`id`) ON DELETE NO ACTION ON UPDATE NO ACTION,
  ADD CONSTRAINT `FK_ddfa9616f04a19efe7ffa970bf7` FOREIGN KEY (`direccion_id`) REFERENCES `direccion` (`id`) ON DELETE NO ACTION ON UPDATE NO ACTION;

ALTER TABLE `apoderado_estudiante`
  ADD CONSTRAINT `FK_0c6364a218d64c5ac0bf1deaae7` FOREIGN KEY (`estudiante_id`) REFERENCES `estudiante` (`id`) ON DELETE NO ACTION ON UPDATE NO ACTION,
  ADD CONSTRAINT `FK_2b7266992e9bd22c13c94f195ad` FOREIGN KEY (`apoderado_id`) REFERENCES `apoderado` (`id`) ON DELETE NO ACTION ON UPDATE NO ACTION;

ALTER TABLE `boleta`
  ADD CONSTRAINT `boleta_ibfk_1` FOREIGN KEY (`apoderado_id`) REFERENCES `apoderado` (`id`),
  ADD CONSTRAINT `boleta_ibfk_2` FOREIGN KEY (`pago_id`) REFERENCES `pago` (`id`),
  ADD CONSTRAINT `boleta_ibfk_3` FOREIGN KEY (`estado_id`) REFERENCES `estado_boleta` (`id`);

ALTER TABLE `ciudad`
  ADD CONSTRAINT `FK_f499778b6705a25ac98b4db15b4` FOREIGN KEY (`region_id`) REFERENCES `region` (`id`) ON DELETE NO ACTION ON UPDATE NO ACTION;

ALTER TABLE `curso`
  ADD CONSTRAINT `FK_99b7e4d6c8dec8602a0cb4af327` FOREIGN KEY (`profesor_id`) REFERENCES `profesor` (`id`) ON DELETE NO ACTION ON UPDATE NO ACTION;

ALTER TABLE `direccion`
  ADD CONSTRAINT `FK_540f5e5d4812571dc93cc9167e6` FOREIGN KEY (`ciudad_id`) REFERENCES `ciudad` (`id`) ON DELETE NO ACTION ON UPDATE NO ACTION;

ALTER TABLE `estudiante_curso`
  ADD CONSTRAINT `FK_6847c2a98838e626250445e4a96` FOREIGN KEY (`curso_id`) REFERENCES `curso` (`id`) ON DELETE NO ACTION ON UPDATE NO ACTION,
  ADD CONSTRAINT `FK_f31b347a34dcea9ad8ce0377da1` FOREIGN KEY (`estudiante_id`) REFERENCES `estudiante` (`id`) ON DELETE NO ACTION ON UPDATE NO ACTION;

ALTER TABLE `pago`
  ADD CONSTRAINT `pago_ibfk_1` FOREIGN KEY (`tipo_pago_id`) REFERENCES `tipo_pago` (`id`);

ALTER TABLE `usuarios`
  ADD CONSTRAINT `FK_6ea81f7ee7b1104d4bfbfe32ec1` FOREIGN KEY (`apoderado_id`) REFERENCES `apoderado` (`id`) ON DELETE NO ACTION ON UPDATE NO ACTION,
  ADD CONSTRAINT `FK_70a25c022ef94e09f2bac2ec9b8` FOREIGN KEY (`profesor_id`) REFERENCES `profesor` (`id`) ON DELETE NO ACTION ON UPDATE NO ACTION;

ALTER TABLE `usuario_roles`
  ADD CONSTRAINT `usuario_roles_ibfk_1` FOREIGN KEY (`usuario_id`) REFERENCES `usuarios` (`id`),
  ADD CONSTRAINT `usuario_roles_ibfk_2` FOREIGN KEY (`role_id`) REFERENCES `roles` (`id`);

COMMIT;
